Crystal Report,DT012394
Crystal Report,DT017155
Crystal Report,DT017547
Crystal Report,DT017687E
Crystal Report,DTMA024280
Crystal Report,NB010916
Crystal Report,NB016665E
Crystal Report,NB016675E
Crystal Report,NB016693E
Crystal Report,NB017550
Crystal Report,NB017866E
Crystal Report,NB018190E
Crystal Report,NB025878
Embarcadero Delphi,BRQDT021016
Embarcadero Delphi,DT009467
Embarcadero Delphi,DT017677E
Embarcadero Delphi,DT017684E
Embarcadero Delphi,DT017706E
Embarcadero Delphi,DT020993
Embarcadero Delphi,DT021033
Embarcadero Delphi,DT021034
Embarcadero Delphi,DT021042
Embarcadero Delphi,DT021045
Embarcadero Delphi,DT022251
Embarcadero Delphi,DT022263
Embarcadero Delphi,DT022271
Embarcadero Delphi,DT022274
Embarcadero Delphi,DT022289
Embarcadero Delphi,DTDF021083
Embarcadero Delphi,DTDF021084
Embarcadero Delphi,DTDF021085
Embarcadero Delphi,DTDF021110
Embarcadero Delphi,DTDF021112
Embarcadero Delphi,DTDF021114
Embarcadero Delphi,DTDF021117
Embarcadero Delphi,DTDF021121
Embarcadero Delphi,DTDF021123
Embarcadero Delphi,DTDF021125
Embarcadero Delphi,DTDF021129
Embarcadero Delphi,DTDF021130
Embarcadero Delphi,DTDF021131
Embarcadero Delphi,DTDF021132
Embarcadero Delphi,DTDF021133
Embarcadero Delphi,DTDF021136
Embarcadero Delphi,DTDF021139
Embarcadero Delphi,DTDF021142
Embarcadero Delphi,DTDF021145
Embarcadero Delphi,DTDF021146
Embarcadero Delphi,DTDF021150
Embarcadero Delphi,DTDF021255
Embarcadero Delphi,DTDF021256
Embarcadero Delphi,DTDF021261
Embarcadero Delphi,DTDF021267
Embarcadero Delphi,DTDF021268
Embarcadero Delphi,DTDF021270
Embarcadero Delphi,DTDF021272
Embarcadero Delphi,DTDF021275
Embarcadero Delphi,DTDF021284
Embarcadero Delphi,DTDF021287
Embarcadero Delphi,DTDF021288
Embarcadero Delphi,DTDF021289
Embarcadero Delphi,DTPP017679E
Embarcadero Delphi,NB0021065
Embarcadero Delphi,NB015938
Embarcadero Delphi,NB016239
Embarcadero Delphi,NB018052E
Embarcadero Delphi,NB018154
Embarcadero Delphi,NB018166
Embarcadero Delphi,NB019783
Embarcadero Delphi,NB020118
Embarcadero Delphi,NB021059
Embarcadero Delphi,NB021062
Embarcadero Delphi,NB022001
Embarcadero Delphi,NB022233
Embarcadero Delphi,NB022244
Embarcadero Delphi,NB022247
Embarcadero Delphi,NB022272
Embarcadero Delphi,NB023660
Embarcadero Delphi,NB023677
Embarcadero Delphi,NB023678
Embarcadero Delphi,NB023769
Embarcadero Delphi,NB023770
Embarcadero Delphi,NB023771
Embarcadero Delphi,NB023772
Embarcadero Delphi,NBPP023671
Embarcadero ERStudio,NB016693E
Embarcadero RADStudio,DT021034
Embarcadero Together,DT009444E
Embarcadero Together,DT009467
Embarcadero Together,DT011304
Embarcadero Together,DT012365
Embarcadero Together,DT013061
Embarcadero Together,DT013069
Embarcadero Together,DT013077
Embarcadero Together,DT013081
Embarcadero Together,DT013145
Embarcadero Together,DT014651
Embarcadero Together,DT015221
Embarcadero Together,DT015810
Embarcadero Together,DT015819
Embarcadero Together,DT015837
Embarcadero Together,DT015845
Embarcadero Together,DT015902
Embarcadero Together,DT016270
Embarcadero Together,DT016278
Embarcadero Together,DT017101
Embarcadero Together,DT017116
Embarcadero Together,DT017152
Embarcadero Together,DT017155
Embarcadero Together,DT017156
Embarcadero Together,DT017545
IBM Rational,DT008126
IBM Rational,DT009452
IBM Rational,DT009467
IBM Rational,DT012072
IBM Rational,DT012078
IBM Rational,DT012091
IBM Rational,DT012092
IBM Rational,dt012377
IBM Rational,DT012379
IBM Rational,DT012493
IBM Rational,DT012500
IBM Rational,DT013130
IBM Rational,DT013156
IBM Rational,DT013372
IBM Rational,DT014414
IBM Rational,DT014586
IBM Rational,DT014594
IBM Rational,DT015221
IBM Rational,DT015845
IBM Rational,DT015872
IBM Rational,DT016269
IBM Rational,DT016271
IBM Rational,DT016278
IBM Rational,DT016329
IBM Rational,DT016331
IBM Rational,DT016336
IBM Rational,DT017104
IBM Rational,DT017111
IBM Rational,DT017156
IBM Rational,dt017416
IBM Rational,DT017544
IBM Rational,DT017551
IBM Rational,DT018001E
IBM Rational,DT018227
IBM Rational,DT018245
IBM Rational,DT018246
IBM Rational,DT018249
IBM Rational,DT018387
IBM Rational,DT018399
IBM Rational,DT018407
IBM Rational,DT022151
IBM Rational,dt024417
IBM Rational,DTDF021083
IBM Rational,DTDF021129
IBM Rational,DTDF021130
IBM Rational,DTDF021133
IBM Rational,DTDF021150
IBM Rational,DTRJ015208
IBM Rational,DTRJ015871
IBM Rational,DTRJ015884
IBM Rational,DTRJ015885
IBM Rational,DTRJ015886
IBM Rational,DTRJ017801E
IBM Rational,DTRJ017809
IBM Rational,DTRJ024400
IBM Rational,DTRJ025857
IBM Rational,NB011438
IBM Rational,NB011440
IBM Rational,NB011442
IBM Rational,NB011445
IBM Rational,NB012114
IBM Rational,NB015951
IBM Rational,NB016232
IBM Rational,NB016561E
IBM Rational,NB0166666E
IBM Rational,NB017870E
IBM Rational,NB018171E
IBM Rational,NB021015
IBM Rational,NB022106
IBM Rational,NB022233
IBM Rational,NB022237
IBM Rational,NB022246
IBM Rational,NB023712
IBM Rational,NB023785
IBM Rational,NB023852
IBM Rational,NBMA018348
IBM Rational,NBMA020393
IBM Rational,NBMA024800
IBM Rational,NBMA024801
IBM Rational,NBRJ013489
IBM Rational,NBRJ018070
IBM Rational,NBRJ022472
IBM WebSphere App Server,DT009466
IBM WebSphere App Server,DT017713
IBM WebSphere App Server,DT018002E
IBM WebSphere App Server,DT018279
IBM WebSphere App Server,dt018414
IBM WebSphere App Server,DT020993
IBM WebSphere App Server,DT022132
IBM WebSphere App Server,DT10222
IBM WebSphere App Server,DTMA023577
IBM WebSphere App Server,DTMA023581
IBM WebSphere App Server,DTMA023593
IBM WebSphere App Server,DTMA024180
IBM WebSphere App Server,DTMA024291
IBM WebSphere App Server,DTMA024304
IBM WebSphere App Server,DTMA024324
IBM WebSphere App Server,DTMA024358
IBM WebSphere App Server,DTRJ016777
IBM WebSphere App Server,DTRJ017406
IBM WebSphere App Server,DTRJ017801
IBM WebSphere App Server,DTRJ017803
IBM WebSphere App Server,DTRJ017804E
IBM WebSphere App Server,DTRJ017805
IBM WebSphere App Server,DTRJ017805E
IBM WebSphere App Server,DTRJ017806
IBM WebSphere App Server,DTRJ017806E
IBM WebSphere App Server,DTRJ017807E
IBM WebSphere App Server,DTRJ017808E
IBM WebSphere App Server,DTRJ017812
IBM WebSphere App Server,DTRJ017813
IBM WebSphere App Server,DTRJ017814
IBM WebSphere App Server,DTRJ017815
IBM WebSphere App Server,DTRJ017815E
IBM WebSphere App Server,DTRJ017819
IBM WebSphere App Server,DTRJ017821
IBM WebSphere App Server,DTRJ017825
IBM WebSphere App Server,DTRJ020751
IBM WebSphere App Server,DTRJ020752
IBM WebSphere App Server,DTRJ020753
IBM WebSphere App Server,DTRJ020755
IBM WebSphere App Server,DTRJ020757
IBM WebSphere App Server,DTRJ024104
IBM WebSphere App Server,DTRJ024124
IBM WebSphere App Server,DTRJ024251
IBM WebSphere App Server,DTRJ024399
IBM WebSphere App Server,DTRJ024423
IBM WebSphere App Server,DTRJ024463
IBM WebSphere App Server,DTRJ024465
IBM WebSphere App Server,DTRJ024487
IBM WebSphere App Server,DTRJ024499
IBM WebSphere App Server,DTRJ024500
IBM WebSphere App Server,DTRJ024504
IBM WebSphere App Server,DTRJ024839
IBM WebSphere App Server,DTRJ024844
IBM WebSphere App Server,DTRJ024845
IBM WebSphere App Server,DTRJ024847
IBM WebSphere App Server,DTRJ024848
IBM WebSphere App Server,DTRJ025854
IBM WebSphere App Server,DTRJ025856
IBM WebSphere App Server,DTRJ025857
IBM WebSphere App Server,DTRJ025880
IBM WebSphere App Server,DTRJ025882
IBM WebSphere App Server,DTRJ025885
IBM WebSphere App Server,DTRJ025886
IBM WebSphere App Server,DTRJ025887
IBM WebSphere App Server,DTRJ025888
IBM WebSphere App Server,DTRJ025889
IBM WebSphere App Server,DTRJ025890
IBM WebSphere App Server,DTRJ025891
IBM WebSphere App Server,DTRJ025892
IBM WebSphere App Server,DTRJ025893
IBM WebSphere App Server,DTRJ025894
IBM WebSphere App Server,DTRJ025895
IBM WebSphere App Server,DTRJ025896
IBM WebSphere App Server,NB016669
IBM WebSphere App Server,NB017075
IBM WebSphere App Server,NB017276
IBM WebSphere App Server,NB018109E
IBM WebSphere App Server,NB022108
IBM WebSphere App Server,NB022120
IBM WebSphere App Server,NB023701
IBM WebSphere App Server,NB023702
IBM WebSphere App Server,NB023703
IBM WebSphere App Server,NB22186
IBM WebSphere App Server,NBRJ016353
IBM WebSphere App Server,NBRJ017059
IBM WebSphere App Server,NBRJ017657
IBM WebSphere App Server,NBRJ018083
IBM WebSphere App Server,NBRJ019630
IBM WebSphere App Server,NBRJ020116
IBM WebSphere App Server,NBRJ020763
IBM WebSphere App Server,NBRJ020768
IBM WebSphere App Server,NBRJ024756
IBM WebSphere App Server,NT016601E
IBM WebSphere Studio,DT008126
IBM WebSphere Studio,DT013372
IBM WebSphere Studio,DT015872
IBM WebSphere Studio,DT017414
IBM WebSphere Studio,DT020754
IBM WebSphere Studio,DTRJ008132
IBM WebSphere Studio,DTRJ008135
IBM WebSphere Studio,DTRJ008136
IBM WebSphere Studio,DTRJ012767
IBM WebSphere Studio,DTRJ012772
IBM WebSphere Studio,DTRJ013727
IBM WebSphere Studio,DTRJ013732
IBM WebSphere Studio,DTRJ013738
IBM WebSphere Studio,DTRJ015203
IBM WebSphere Studio,DTRJ015208
IBM WebSphere Studio,DTRJ015853
IBM WebSphere Studio,DTRJ015854
IBM WebSphere Studio,DTRJ015861
IBM WebSphere Studio,DTRJ015874
IBM WebSphere Studio,DTRJ015882
IBM WebSphere Studio,DTRJ015884
IBM WebSphere Studio,DTRJ015886
IBM WebSphere Studio,DTRJ015888
IBM WebSphere Studio,DTRJ016365
IBM WebSphere Studio,DTRJ016714
IBM WebSphere Studio,DTRJ016715
IBM WebSphere Studio,DTRJ016755
IBM WebSphere Studio,DTRJ016756
IBM WebSphere Studio,DTRJ016765
IBM WebSphere Studio,DTRJ016768
IBM WebSphere Studio,DTRJ016773
IBM WebSphere Studio,DTRJ017044
IBM WebSphere Studio,DTRJ017421
IBM WebSphere Studio,DTRJ017430
IBM WebSphere Studio,DTRJ017801
IBM WebSphere Studio,DTRJ017803
IBM WebSphere Studio,DTRJ017804E
IBM WebSphere Studio,DTRJ017805
IBM WebSphere Studio,DTRJ017806
IBM WebSphere Studio,DTRJ017812
IBM WebSphere Studio,DTRJ017814
IBM WebSphere Studio,DTRJ017814E
IBM WebSphere Studio,DTRJ017815
IBM WebSphere Studio,DTRJ017815E
IBM WebSphere Studio,DTRJ017818
IBM WebSphere Studio,DTRJ017819
IBM WebSphere Studio,DTRJ017824
IBM WebSphere Studio,DTRJ017825
IBM WebSphere Studio,DTRJ024104
IBM WebSphere Studio,DTRJ024124
IBM WebSphere Studio,DTRJ024251
IBM WebSphere Studio,DTRJ024399
IBM WebSphere Studio,DTRJ024400
IBM WebSphere Studio,DTRJ024423
IBM WebSphere Studio,DTRJ024463
IBM WebSphere Studio,DTRJ024465
IBM WebSphere Studio,DTRJ024486
IBM WebSphere Studio,DTRJ024487
IBM WebSphere Studio,DTRJ024496
IBM WebSphere Studio,DTRJ024499
IBM WebSphere Studio,DTRJ024500
IBM WebSphere Studio,DTRJ024504
IBM WebSphere Studio,DTRJ024839
IBM WebSphere Studio,DTRJ025857
IBM WebSphere Studio,DTRJ025888
IBM WebSphere Studio,NBRJ015760
IBM WebSphere Studio,NBRJ016262
IBM WebSphere Studio,NBRJ016353
IBM WebSphere Studio,NBRJ016357
IBM WebSphere Studio,NBRJ016358
IBM WebSphere Studio,NBRJ016911
IBM WebSphere Studio,NBRJ017056
IBM WebSphere Studio,NBRJ017059
IBM WebSphere Studio,NBRJ018078
IBM WebSphere Studio,NBRJ018376
IBM WebSphere Studio,NBRJ019629
IBM WebSphere Studio,NBRJ019630
IBM WebSphere Studio,NBRJ019687
IBM WebSphere Studio,NBRJ019689
IBM WebSphere Studio,NBRJ020768
IBM WebSphere Studio,NBRJ022475
MetaFrame,DT008126
MetaFrame,DT009526
MetaFrame,DT015872
MetaFrame,DT020754
MetaFrame,DT020758
MetaFrame,DTMA024272
MetaFrame,DTMA024290
MetaFrame,DTMA024358
MetaFrame,DTRJ008135
MetaFrame,DTRJ008143
MetaFrame,DTRJ012767
MetaFrame,DTRJ012769
MetaFrame,DTRJ012770
MetaFrame,DTRJ013723
MetaFrame,DTRJ013727
MetaFrame,DTRJ013732
MetaFrame,DTRJ013733
MetaFrame,DTRJ013734
MetaFrame,DTRJ013735
MetaFrame,DTRJ013738
MetaFrame,DTRJ015203
MetaFrame,DTRJ015208
MetaFrame,DTRJ015854
MetaFrame,DTRJ015871
MetaFrame,DTRJ015882
MetaFrame,DTRJ015884
MetaFrame,DTRJ015888
MetaFrame,DTRJ016715
MetaFrame,DTRJ016717
MetaFrame,DTRJ016764
MetaFrame,DTRJ016765
MetaFrame,DTRJ016768
MetaFrame,DTRJ016779
MetaFrame,DTRJ017802E
MetaFrame,DTRJ017807E
MetaFrame,DTRJ017808E
MetaFrame,DTRJ017810
MetaFrame,DTRJ017811
MetaFrame,DTRJ017818
MetaFrame,DTRJ017821
MetaFrame,DTRJ020752
MetaFrame,DTRJ020760
MetaFrame,DTRJ024842
MetaFrame,DTRJ024843
MetaFrame,DTRJ024847
MetaFrame,DTRJ025857
MetaFrame,DTRJ025883
MetaFrame,DTRJ025886
MetaFrame,NB010916
MetaFrame,NB015990
MetaFrame,NB016951
MetaFrame,NB018072E
MetaFrame,NB020184
MetaFrame,NB16959
MetaFrame,NBMA016907
MetaFrame,NBRJ014274
MetaFrame,NBRJ016351
MetaFrame,NBRJ016358
MetaFrame,NBRJ016948
MetaFrame,NBRJ016950
MetaFrame,NBRJ017019E
MetaFrame,NBRJ017056
MetaFrame,NBRJ017882
MetaFrame,NBRJ018078
MetaFrame,NBRJ019568
MetaFrame,NBRJ019575
MetaFrame,NBRJ019576
MetaFrame,NBRJ019630
MetaFrame,NBRJ019633
MetaFrame,NBRJ020763
MetaFrame,NBRJ020768
MetaFrame,NBRJ022472
MetaFrame,NBRJ022475
MetaFrame,NBRJ022477
MetaFrame,NBRJ024755
MetaFrame,NBRJ024757
MetaFrame,NBRJ024830
MetaFrame,NBRJ024831
MetaFrame,NBRJ024833
MetaFrame,NBRJ024838
MetaFrame,NBRJ025850
MetaFrame,NBRJ025898
Microfocus Caliber,DT0018405
Microfocus Caliber,DT009444E
Microfocus Caliber,DT009452
Microfocus Caliber,DT009467
Microfocus Caliber,DT011304
Microfocus Caliber,DT012092
Microfocus Caliber,DT012365
Microfocus Caliber,DT012387
Microfocus Caliber,DT012396
Microfocus Caliber,DT012496
Microfocus Caliber,DT012497
Microfocus Caliber,DT012500
Microfocus Caliber,DT013001
Microfocus Caliber,DT013061
Microfocus Caliber,DT013069
Microfocus Caliber,DT013077
Microfocus Caliber,DT013081
Microfocus Caliber,DT013082
Microfocus Caliber,DT013130
Microfocus Caliber,DT013145
Microfocus Caliber,DT014414
Microfocus Caliber,DT014431
Microfocus Caliber,DT014544
Microfocus Caliber,DT0145800
Microfocus Caliber,DT014585
Microfocus Caliber,DT014594
Microfocus Caliber,DT014651
Microfocus Caliber,DT015221
Microfocus Caliber,dt015233
Microfocus Caliber,DT015803
Microfocus Caliber,DT015806
Microfocus Caliber,DT015810
Microfocus Caliber,DT015819
Microfocus Caliber,DT015837
Microfocus Caliber,DT015845
Microfocus Caliber,DT015902
Microfocus Caliber,DT016269
Microfocus Caliber,DT016270
Microfocus Caliber,DT016271
Microfocus Caliber,DT016275
Microfocus Caliber,DT016278
Microfocus Caliber,DT016279
Microfocus Caliber,DT016327
Microfocus Caliber,DT016329
Microfocus Caliber,DT016331
Microfocus Caliber,DT016336
Microfocus Caliber,DT017101
Microfocus Caliber,DT017104
Microfocus Caliber,DT017111
Microfocus Caliber,DT017116
Microfocus Caliber,DT017118
Microfocus Caliber,DT017123
Microfocus Caliber,DT017127
Microfocus Caliber,DT017152
Microfocus Caliber,DT017155
Microfocus Caliber,DT017156
Microfocus Caliber,DT017544
Microfocus Caliber,DT017545
Microfocus Caliber,DT017546
Microfocus Caliber,DT017547
Microfocus Caliber,DT017548
Microfocus Caliber,DT017551
Microfocus Caliber,DT017556
Microfocus Caliber,DT017557
Microfocus Caliber,DT017581
Microfocus Caliber,DT017739
Microfocus Caliber,DT017748E
Microfocus Caliber,DT017749E
Microfocus Caliber,DT018001E
Microfocus Caliber,DT018010E
Microfocus Caliber,DT018278
Microfocus Caliber,DT018292
Microfocus Caliber,DT018387
Microfocus Caliber,DT018407
Microfocus Caliber,DT018410
Microfocus Caliber,DT14584
Microfocus Caliber,NB011440
Microfocus Caliber,NB015706
Microfocus Caliber,NB015739
Microfocus Caliber,NB016550
Microfocus Caliber,NB016665E
Microfocus Caliber,NB016675E
Microfocus Caliber,NB016693E
Microfocus Caliber,NB017068
Microfocus Caliber,NB017267
Microfocus Caliber,NB017268
Microfocus Caliber,NB017550
Microfocus Caliber,NB017568
Microfocus Caliber,NB017867E
Microfocus Caliber,NB018130
Microfocus Caliber,NB018370
Microfocus Caliber,NB019772
Microfocus Caliber,NB019775
Microfocus Caliber,NB019786
Microfocus Caliber,NB020072
Microfocus Caliber,NB020077
Microfocus Caliber,NB020152
Microfocus Caliber,NB020174
Microfocus Caliber,NB020192
Microfocus Caliber,NB021060
Microfocus Caliber,NB021061
Microfocus Caliber,NB021064
Microfocus Caliber,NB021066
Microfocus Caliber,NB021067
Microfocus Caliber,NB021086
Microfocus Caliber,NB022172
Microfocus Caliber,NB022184
Microfocus Caliber,NB023801
MicroFocus MFE,DT00013127
MicroFocus MFE,DT0013153
MicroFocus MFE,DT0017405
MicroFocus MFE,DT0018405
MicroFocus MFE,DT007054
MicroFocus MFE,DT009444E
MicroFocus MFE,DT009526
MicroFocus MFE,DT011304
MicroFocus MFE,DT011410
MicroFocus MFE,DT012049
MicroFocus MFE,DT012051
MicroFocus MFE,DT012062
MicroFocus MFE,DT012063
MicroFocus MFE,DT012072
MicroFocus MFE,DT012084
MicroFocus MFE,DT012091
MicroFocus MFE,DT012093
MicroFocus MFE,DT012356
MicroFocus MFE,DT012385
MicroFocus MFE,DT012387
MicroFocus MFE,DT012466
MicroFocus MFE,DT012476
MicroFocus MFE,DT013061
MicroFocus MFE,DT013069
MicroFocus MFE,DT013077
MicroFocus MFE,DT013081
MicroFocus MFE,DT013159
MicroFocus MFE,DT013174
MicroFocus MFE,DT014413
MicroFocus MFE,DT014431
MicroFocus MFE,DT014586
MicroFocus MFE,DT014600
MicroFocus MFE,DT014651
MicroFocus MFE,DT014657
MicroFocus MFE,DT015212
MicroFocus MFE,DT015214
MicroFocus MFE,DT015215
MicroFocus MFE,DT015216
MicroFocus MFE,DT015221
MicroFocus MFE,dt015233
MicroFocus MFE,DT015803
MicroFocus MFE,DT015810
MicroFocus MFE,DT015819
MicroFocus MFE,DT015837
MicroFocus MFE,DT015845
MicroFocus MFE,DT015902
MicroFocus MFE,DT016270
MicroFocus MFE,DT016271
MicroFocus MFE,DT016278
MicroFocus MFE,DT016279
MicroFocus MFE,DT016311
MicroFocus MFE,DT017095
MicroFocus MFE,DT017101
MicroFocus MFE,DT017111
MicroFocus MFE,DT017127
MicroFocus MFE,DT017152
MicroFocus MFE,DT017581
MicroFocus MFE,DT018001E
MicroFocus MFE,DT018278
MicroFocus MFE,DT018398
MicroFocus MFE,DT018407
MicroFocus MFE,DT14584
MicroFocus MFE,DTMA024147
MicroFocus MFE,DTMA024293
MicroFocus MFE,DTMA024358
MicroFocus MFE,NB0120060
MicroFocus MFE,NB012114
MicroFocus MFE,NB015704
MicroFocus MFE,NB015713
MicroFocus MFE,NB015739
MicroFocus MFE,NB015972
MicroFocus MFE,NB016649E
MicroFocus MFE,NB017568
MicroFocus MFE,NB018063E
MicroFocus MFE,NB020100
MicroFocus MFE,NB022017
Microsoft Office,brq
Microsoft Office,BRQNB018200E
Microsoft Office,D018396T
Microsoft Office,DMTA024201
Microsoft Office,DT00013127
Microsoft Office,DT0013153
Microsoft Office,DT0015834
Microsoft Office,DT0017405
Microsoft Office,DT0018405
Microsoft Office,DT007010
Microsoft Office,DT007054
Microsoft Office,DT008126
Microsoft Office,DT009441
Microsoft Office,DT009444E
Microsoft Office,DT009447
Microsoft Office,DT009452
Microsoft Office,DT009454
Microsoft Office,DT009461
Microsoft Office,DT009464
Microsoft Office,DT009466
Microsoft Office,DT009467
Microsoft Office,DT009469
Microsoft Office,DT009472
Microsoft Office,DT009522
Microsoft Office,DT009527
Microsoft Office,DT009528
Microsoft Office,DT011304
Microsoft Office,DT011317
Microsoft Office,DT011405
Microsoft Office,DT012047
Microsoft Office,DT012064
Microsoft Office,DT012076
Microsoft Office,DT012078
Microsoft Office,DT012081
Microsoft Office,DT012090
Microsoft Office,DT012091
Microsoft Office,DT012092
Microsoft Office,DT012096
Microsoft Office,DT012355
Microsoft Office,DT012360
Microsoft Office,DT012364
Microsoft Office,DT012365
Microsoft Office,dt012377
Microsoft Office,DT012379
Microsoft Office,DT0123830
Microsoft Office,DT012387
Microsoft Office,DT012394
Microsoft Office,DT012396
Microsoft Office,DT012472
Microsoft Office,DT012477
Microsoft Office,DT012480
Microsoft Office,DT012481
Microsoft Office,DT012486
Microsoft Office,DT012488
Microsoft Office,DT012492
Microsoft Office,DT012493
Microsoft Office,DT012496
Microsoft Office,DT012497
Microsoft Office,DT012499
Microsoft Office,DT012500
Microsoft Office,DT013001
Microsoft Office,DT013002
Microsoft Office,DT013061
Microsoft Office,DT013081
Microsoft Office,DT013082
Microsoft Office,DT013120
Microsoft Office,DT013130
Microsoft Office,DT013143
Microsoft Office,DT013145
Microsoft Office,DT013154
Microsoft Office,DT014405
Microsoft Office,DT014409
Microsoft Office,DT014412
Microsoft Office,DT014413
Microsoft Office,DT014414
Microsoft Office,DT014431
Microsoft Office,DT014434
Microsoft Office,DT014544
Microsoft Office,DT014585
Microsoft Office,DT014586
Microsoft Office,DT014594
Microsoft Office,dt014597
Microsoft Office,DT014600
Microsoft Office,DT014651
Microsoft Office,DT014657
Microsoft Office,DT014665
Microsoft Office,DT0152110
Microsoft Office,DT015212
Microsoft Office,DT015214
Microsoft Office,DT015215
Microsoft Office,DT015220
Microsoft Office,DT015221
Microsoft Office,dt015233
Microsoft Office,DT015803
Microsoft Office,DT015810
Microsoft Office,DT015819
Microsoft Office,DT015827
Microsoft Office,DT015833
Microsoft Office,DT015835
Microsoft Office,DT015844
Microsoft Office,DT015845
Microsoft Office,DT015902
Microsoft Office,DT015905
Microsoft Office,DT016269
Microsoft Office,DT016270
Microsoft Office,DT016271
Microsoft Office,DT016279
Microsoft Office,DT016285
Microsoft Office,DT016293
Microsoft Office,DT016300
Microsoft Office,DT016306
Microsoft Office,DT016310
Microsoft Office,DT016311
Microsoft Office,DT016326
Microsoft Office,DT016327
Microsoft Office,DT016329
Microsoft Office,DT016501E
Microsoft Office,DT016504E
Microsoft Office,DT016517E
Microsoft Office,DT016520E
Microsoft Office,DT016775
Microsoft Office,DT016782
Microsoft Office,DT017097
Microsoft Office,DT017101
Microsoft Office,DT017104
Microsoft Office,DT017107E
Microsoft Office,DT017111
Microsoft Office,DT017116
Microsoft Office,DT017118
Microsoft Office,DT017127
Microsoft Office,DT017144
Microsoft Office,DT017152
Microsoft Office,DT017155
Microsoft Office,DT017156
Microsoft Office,DT017164
Microsoft Office,DT017399
Microsoft Office,DT017400
Microsoft Office,DT017404
Microsoft Office,DT017414
Microsoft Office,dt017416
Microsoft Office,DT017428A
Microsoft Office,DT017544
Microsoft Office,DT017546
Microsoft Office,DT017547
Microsoft Office,DT017548
Microsoft Office,DT017556
Microsoft Office,DT017557
Microsoft Office,DT017581
Microsoft Office,DT017594
Microsoft Office,DT017607
Microsoft Office,DT017608
Microsoft Office,DT017615
Microsoft Office,DT017668E
Microsoft Office,DT017669E
Microsoft Office,DT017670E
Microsoft Office,DT017671E
Microsoft Office,DT017674E
Microsoft Office,DT017675E
Microsoft Office,DT017677
Microsoft Office,DT017677E
Microsoft Office,DT017681
Microsoft Office,DT017681E
Microsoft Office,DT017682E
Microsoft Office,DT017683
Microsoft Office,DT017684E
Microsoft Office,DT017686E
Microsoft Office,DT017687E
Microsoft Office,DT017688E
Microsoft Office,DT017689E
Microsoft Office,DT017691E
Microsoft Office,DT017692E
Microsoft Office,DT017695
Microsoft Office,DT017697E
Microsoft Office,DT017703E
Microsoft Office,DT017706E
Microsoft Office,DT017708E
Microsoft Office,DT017709E
Microsoft Office,DT017710E
Microsoft Office,DT017712E
Microsoft Office,DT017713
Microsoft Office,DT017716E
Microsoft Office,DT017717E
Microsoft Office,DT017719E
Microsoft Office,DT017721E
Microsoft Office,DT017724E
Microsoft Office,DT017726E
Microsoft Office,DT017739
Microsoft Office,DT017746E
Microsoft Office,DT017760E
Microsoft Office,DT017770E
Microsoft Office,DT017772E
Microsoft Office,DT017775E
Microsoft Office,DT017795
Microsoft Office,DT017817E
Microsoft Office,DT017944
Microsoft Office,DT018001E
Microsoft Office,DT018002E
Microsoft Office,DT018030E
Microsoft Office,DT018031E
Microsoft Office,dt018034e
Microsoft Office,DT018227
Microsoft Office,DT018236
Microsoft Office,DT018242
Microsoft Office,DT018244
Microsoft Office,DT018245
Microsoft Office,DT018247
Microsoft Office,DT018249
Microsoft Office,DT018252
Microsoft Office,DT018263
Microsoft Office,DT018265
Microsoft Office,DT018276
Microsoft Office,DT018278
Microsoft Office,DT018279
Microsoft Office,DT018289
Microsoft Office,DT018292
Microsoft Office,DT018387
Microsoft Office,DT018398
Microsoft Office,DT018399
Microsoft Office,DT018407
Microsoft Office,DT018408
Microsoft Office,DT018410
Microsoft Office,dt018414
Microsoft Office,DT018415
Microsoft Office,DT018416
Microsoft Office,DT020754
Microsoft Office,DT020758
Microsoft Office,DT020993
Microsoft Office,DT020998
Microsoft Office,DT021001
Microsoft Office,DT021019
Microsoft Office,DT021020
Microsoft Office,DT021022
Microsoft Office,DT021023
Microsoft Office,DT021024
Microsoft Office,DT021027
Microsoft Office,DT021029
Microsoft Office,DT021031
Microsoft Office,DT021032
Microsoft Office,DT021033
Microsoft Office,DT021034
Microsoft Office,DT021036
Microsoft Office,DT021038
Microsoft Office,DT021039
Microsoft Office,DT021040
Microsoft Office,DT021042
Microsoft Office,DT021044
Microsoft Office,DT021045
Microsoft Office,DT022037
Microsoft Office,DT022039
Microsoft Office,DT022131
Microsoft Office,DT022132
Microsoft Office,DT022135
Microsoft Office,DT022137
Microsoft Office,DT022138
Microsoft Office,DT022150
Microsoft Office,DT022152
Microsoft Office,DT022154
Microsoft Office,DT022156
Microsoft Office,DT022159
Microsoft Office,DT022160
Microsoft Office,DT022163
Microsoft Office,DT022164
Microsoft Office,DT022165
Microsoft Office,DT02225
Microsoft Office,DT022251
Microsoft Office,DT022254
Microsoft Office,DT022256
Microsoft Office,DT022259
Microsoft Office,DT022260
Microsoft Office,DT022262
Microsoft Office,DT022263
Microsoft Office,DT022264
Microsoft Office,DT022265
Microsoft Office,DT022266
Microsoft Office,dt022267
Microsoft Office,DT022270
Microsoft Office,DT022271
Microsoft Office,DT022279
Microsoft Office,DT022282
Microsoft Office,DT022283
Microsoft Office,DT022286
Microsoft Office,DT022288
Microsoft Office,DT022289
Microsoft Office,DT0222890
Microsoft Office,DT022292
Microsoft Office,DT022295
Microsoft Office,DT022296
Microsoft Office,DT022299
Microsoft Office,DT022739
Microsoft Office,DT023857
Microsoft Office,dt024417
Microsoft Office,DT024485
Microsoft Office,DT024854
Microsoft Office,DT024860
Microsoft Office,DT025859
Microsoft Office,DT14584
Microsoft Office,DT22290
Microsoft Office,DTDF021083
Microsoft Office,DTDF021084
Microsoft Office,DTDF021085
Microsoft Office,DTDF021110
Microsoft Office,DTDF021112
Microsoft Office,DTDF021114
Microsoft Office,DTDF021115
Microsoft Office,DTDF021117
Microsoft Office,DTDF021121
Microsoft Office,DTDF021122
Microsoft Office,DTDF021123
Microsoft Office,DTDF021125
Microsoft Office,DTDF021129
Microsoft Office,DTDF021130
Microsoft Office,DTDF021131
Microsoft Office,DTDF021132
Microsoft Office,DTDF021133
Microsoft Office,DTDF021135
Microsoft Office,DTDF021136
Microsoft Office,DTDF021138
Microsoft Office,DTDF021139
Microsoft Office,DTDF021142
Microsoft Office,DTDF021145
Microsoft Office,DTDF021146
Microsoft Office,DTDF021149
Microsoft Office,DTDF021150
Microsoft Office,DTDF021252
Microsoft Office,DTDF021254XP
Microsoft Office,DTDF021255
Microsoft Office,DTDF021256
Microsoft Office,DTDF021260
Microsoft Office,DTDF021261
Microsoft Office,DTDF021266
Microsoft Office,DTDF021267
Microsoft Office,DTDF021268
Microsoft Office,DTDF021269
Microsoft Office,DTDF021270
Microsoft Office,DTDF021272
Microsoft Office,DTDF021275
Microsoft Office,DTDF021284
Microsoft Office,DTDF021287
Microsoft Office,DTDF021288
Microsoft Office,DTDF021289
Microsoft Office,DTDF024797
Microsoft Office,DTFO022721
Microsoft Office,DTKE024100
Microsoft Office,DTKE024988
Microsoft Office,DTMA008270
Microsoft Office,DTMA009799
Microsoft Office,DTMA017420
Microsoft Office,DTMA018019
Microsoft Office,DTMA020387
Microsoft Office,DTMA024043
Microsoft Office,DTMA024128
Microsoft Office,DTMA024138
Microsoft Office,DTMA024147
Microsoft Office,DTMA024152
Microsoft Office,DTMA024177
Microsoft Office,DTMA024184
Microsoft Office,DTMA024187
Microsoft Office,DTMA024188
Microsoft Office,DTMA024222
Microsoft Office,DTMA024227
Microsoft Office,DTMA024243
Microsoft Office,DTMA024245
Microsoft Office,DTMA024263
Microsoft Office,DTMA024264
Microsoft Office,DTMA024272
Microsoft Office,DTMA024283
Microsoft Office,DTMA024302
Microsoft Office,DTMA024330
Microsoft Office,DTMA024334
Microsoft Office,DTMA024346
Microsoft Office,DTMA024353
Microsoft Office,DTMA024358
Microsoft Office,DTMA024360
Microsoft Office,DTMA024494
Microsoft Office,DTMA024984
Microsoft Office,DTMA024985
Microsoft Office,DTMAPORTARIA02
Microsoft Office,DTMAW955
Microsoft Office,DTPP017679E
Microsoft Office,DTRJ0021278
Microsoft Office,DTRJ008110
Microsoft Office,DTRJ008128
Microsoft Office,DTRJ008132
Microsoft Office,DTRJ008136
Microsoft Office,DTRJ008138
Microsoft Office,DTRJ008143
Microsoft Office,DTRJ008154
Microsoft Office,DTRJ008162
Microsoft Office,DTRJ008163
Microsoft Office,DTRJ012767
Microsoft Office,DTRJ012769
Microsoft Office,DTRJ012770
Microsoft Office,DTRJ012772
Microsoft Office,DTRJ012773
Microsoft Office,DTRJ013722
Microsoft Office,DTRJ013727
Microsoft Office,DTRJ013728
Microsoft Office,DTRJ013729
Microsoft Office,DTRJ013732
Microsoft Office,DTRJ013733
Microsoft Office,DTRJ013734
Microsoft Office,DTRJ013735
Microsoft Office,DTRJ013738
Microsoft Office,DTRJ015201
Microsoft Office,DTRJ015208
Microsoft Office,DTRJ015854
Microsoft Office,DTRJ015856
Microsoft Office,DTRJ015858
Microsoft Office,DTRJ015867
Microsoft Office,DTRJ015871
Microsoft Office,DTRJ015873
Microsoft Office,DTRJ015878
Microsoft Office,DTRJ015882
Microsoft Office,DTRJ015884
Microsoft Office,DTRJ015886
Microsoft Office,DTRJ015888
Microsoft Office,DTRJ016365
Microsoft Office,DTRJ016714
Microsoft Office,DTRJ016715
Microsoft Office,DTRJ016716
Microsoft Office,DTRJ016718
Microsoft Office,DTRJ016722
Microsoft Office,DTRJ016724
Microsoft Office,DTRJ016728
Microsoft Office,DTRJ016755
Microsoft Office,DTRJ016756
Microsoft Office,DTRJ016763
Microsoft Office,DTRJ016764
Microsoft Office,DTRJ016765
Microsoft Office,DTRJ016768
Microsoft Office,DTRJ016773
Microsoft Office,DTRJ016781
Microsoft Office,DTRJ017044
Microsoft Office,DTRJ017401
Microsoft Office,DTRJ017406
Microsoft Office,DTRJ017415
Microsoft Office,DTRJ017421
Microsoft Office,DTRJ017676
Microsoft Office,DTRJ017680
Microsoft Office,DTRJ017802
Microsoft Office,DTRJ017802E
Microsoft Office,DTRJ017803
Microsoft Office,DTRJ017804
Microsoft Office,DTRJ017807E
Microsoft Office,DTRJ017809
Microsoft Office,DTRJ017809E
Microsoft Office,DTRJ017810
Microsoft Office,DTRJ017810E
Microsoft Office,DTRJ017812E
Microsoft Office,DTRJ017813
Microsoft Office,DTRJ017814E
Microsoft Office,DTRJ017818
Microsoft Office,DTRJ017819
Microsoft Office,DTRJ017820
Microsoft Office,DTRJ017821
Microsoft Office,DTRJ017822
Microsoft Office,DTRJ017825
Microsoft Office,DTRJ020751
Microsoft Office,DTRJ020752
Microsoft Office,DTRJ020756
Microsoft Office,DTRJ020759
Microsoft Office,DTRJ021082
Microsoft Office,DTRJ021257
Microsoft Office,DTRJ021259
Microsoft Office,DTRJ024251
Microsoft Office,DTRJ024400
Microsoft Office,DTRJ024422
Microsoft Office,DTRJ024440
Microsoft Office,DTRJ024463
Microsoft Office,DTRJ024492
Microsoft Office,DTRJ024497
Microsoft Office,DTRJ024498
Microsoft Office,DTRJ024499
Microsoft Office,DTRJ024500
Microsoft Office,DTRJ024839
Microsoft Office,DTRJ024842
Microsoft Office,DTRJ024844
Microsoft Office,DTRJ024845
Microsoft Office,DTRJ024847
Microsoft Office,DTRJ025856
Microsoft Office,DTRJ025857
Microsoft Office,DTRJ025880
Microsoft Office,DTRJ025882
Microsoft Office,DTRJ025885
Microsoft Office,DTRJ025886
Microsoft Office,DTRJ025887
Microsoft Office,DTRJ025888
Microsoft Office,DTRJ025889
Microsoft Office,DTRJ025891
Microsoft Office,DTRJ17813E
Microsoft Office,NB0017563
Microsoft Office,NB0018071
Microsoft Office,NB0020074
Microsoft Office,NB0021065
Microsoft Office,NB010916
Microsoft Office,NB011435
Microsoft Office,NB011440
Microsoft Office,NB011441
Microsoft Office,NB011442
Microsoft Office,NB011445
Microsoft Office,NB012030
Microsoft Office,NB012044
Microsoft Office,NB012045
Microsoft Office,NB012111
Microsoft Office,NB012114
Microsoft Office,NB012130
Microsoft Office,NB013113
Microsoft Office,NB014554
Microsoft Office,NB015704
Microsoft Office,NB015706
Microsoft Office,NB015710
Microsoft Office,NB015712
Microsoft Office,NB015713
Microsoft Office,nb015730
Microsoft Office,NB015733
Microsoft Office,NB015738
Microsoft Office,NB015739
Microsoft Office,NB015743
Microsoft Office,NB015753
Microsoft Office,NB015934
Microsoft Office,NB015938
Microsoft Office,NB015941
Microsoft Office,NB015942
Microsoft Office,NB015946
Microsoft Office,NB015950
Microsoft Office,NB015951
Microsoft Office,NB015953
Microsoft Office,NB015954
Microsoft Office,NB015965
Microsoft Office,NB015977
Microsoft Office,NB015980
Microsoft Office,NB015985
Microsoft Office,nb015986
Microsoft Office,NB015990
Microsoft Office,NB015993
Microsoft Office,NB016230
Microsoft Office,NB016232
Microsoft Office,NB016235
Microsoft Office,nb016237
Microsoft Office,NB016238
Microsoft Office,NB016239
Microsoft Office,NB016248
Microsoft Office,NB016251
Microsoft Office,NB016252
Microsoft Office,NB016253
Microsoft Office,NB016254
Microsoft Office,NB016256
Microsoft Office,NB016258
Microsoft Office,NB016265
Microsoft Office,NB016364
Microsoft Office,NB016549
Microsoft Office,NB016561E
Microsoft Office,NB016566
Microsoft Office,NB016572E
Microsoft Office,NB016575
Microsoft Office,NB016576
Microsoft Office,NB016577
Microsoft Office,NB016578
Microsoft Office,NB016580E
Microsoft Office,NB016587
Microsoft Office,NB016590
Microsoft Office,NB016591E
Microsoft Office,NB016592E
Microsoft Office,NB016595
Microsoft Office,NB016599E
Microsoft Office,NB016604
Microsoft Office,NB016609E
Microsoft Office,NB016611E
Microsoft Office,NB016612E
Microsoft Office,NB016616
Microsoft Office,NB016618
Microsoft Office,NB016623E
Microsoft Office,NB016625E
Microsoft Office,NB016635
Microsoft Office,NB016638E
Microsoft Office,NB016639
Microsoft Office,NB016642E
Microsoft Office,NB016647EX
Microsoft Office,NB016651E
Microsoft Office,NB016653E
Microsoft Office,NB016665E
Microsoft Office,NB0166666E
Microsoft Office,NB016666E
Microsoft Office,NB016669
Microsoft Office,NB016674
Microsoft Office,NB016675E
Microsoft Office,NB016678E
Microsoft Office,NB016680E
Microsoft Office,NB016682E
Microsoft Office,NB016684E
Microsoft Office,NB016692E
Microsoft Office,NB016693E
Microsoft Office,NB016913
Microsoft Office,NB016946
Microsoft Office,NB016951
Microsoft Office,NB016954
Microsoft Office,NB017063
Microsoft Office,NB017064
Microsoft Office,NB017068
Microsoft Office,NB017075
Microsoft Office,NB017081
Microsoft Office,NB017083
Microsoft Office,NB017086
Microsoft Office,NB017265
Microsoft Office,NB017267
Microsoft Office,NB017269
Microsoft Office,NB017271
Microsoft Office,NB017275
Microsoft Office,NB017276
Microsoft Office,NB017280
Microsoft Office,NB017284
Microsoft Office,NB017285
Microsoft Office,NB017287
Microsoft Office,NB017291
Microsoft Office,NB017292
Microsoft Office,NB017303
Microsoft Office,NB017307
Microsoft Office,NB017311
Microsoft Office,NB017314
Microsoft Office,NB017397
Microsoft Office,NB017521
Microsoft Office,NB017550
Microsoft Office,NB017561
Microsoft Office,NB017568
Microsoft Office,NB017571
Microsoft Office,NB017572
Microsoft Office,NB017741
Microsoft Office,NB017855
Microsoft Office,NB017857
Microsoft Office,NB017860E
Microsoft Office,NB017864
Microsoft Office,NB017867E
Microsoft Office,NB017868E
Microsoft Office,NB017870E
Microsoft Office,NB017872
Microsoft Office,NB017875E
Microsoft Office,NB017887
Microsoft Office,NB018017
Microsoft Office,NB018050E
Microsoft Office,NB018051
Microsoft Office,NB018052E
Microsoft Office,NB018054
Microsoft Office,NB018056
Microsoft Office,NB018063E
Microsoft Office,NB018064E
Microsoft Office,NB018072E
Microsoft Office,NB018073
Microsoft Office,NB018077E
Microsoft Office,NB018079
Microsoft Office,NB018080E
Microsoft Office,NB018084E
Microsoft Office,NB018087E
Microsoft Office,NB018089
Microsoft Office,NB018090E
Microsoft Office,NB018097E
Microsoft Office,NB018103E
Microsoft Office,NB018106E
Microsoft Office,NB018107E
Microsoft Office,NB018109E
Microsoft Office,NB018111
Microsoft Office,NB018112E
Microsoft Office,NB018115E
Microsoft Office,NB018116
Microsoft Office,NB018117E
Microsoft Office,NB018121E
Microsoft Office,NB018122E
Microsoft Office,NB018123E
Microsoft Office,NB018126E
Microsoft Office,nb018128
Microsoft Office,NB018130
Microsoft Office,NB018132E
Microsoft Office,NB018134E
Microsoft Office,NB018136E
Microsoft Office,NB018137E
Microsoft Office,NB018138E
Microsoft Office,NB018143E
Microsoft Office,NB018144E
Microsoft Office,NB018148
Microsoft Office,NB018149
Microsoft Office,NB018157
Microsoft Office,nb018158e
Microsoft Office,NB018163E
Microsoft Office,NB018165E
Microsoft Office,NB018166
Microsoft Office,NB018167
Microsoft Office,NB018171E
Microsoft Office,NB018172E
Microsoft Office,NB018174
Microsoft Office,NB018176E
Microsoft Office,NB018177E
Microsoft Office,NB018179
Microsoft Office,NB018182
Microsoft Office,NB018188
Microsoft Office,NB018190E
Microsoft Office,NB018191E
Microsoft Office,NB018197E
Microsoft Office,NB018198E
Microsoft Office,NB018370
Microsoft Office,NB018373
Microsoft Office,NB018374
Microsoft Office,NB018382
Microsoft Office,NB018384
Microsoft Office,NB019634
Microsoft Office,NB019768
Microsoft Office,NB019772
Microsoft Office,NB019775
Microsoft Office,NB019777
Microsoft Office,NB019783
Microsoft Office,NB019784
Microsoft Office,NB019786
Microsoft Office,NB019788
Microsoft Office,NB019789
Microsoft Office,NB019798
Microsoft Office,NB019800
Microsoft Office,NB020055
Microsoft Office,nb020058
Microsoft Office,NB020067
Microsoft Office,NB020072
Microsoft Office,NB020077
Microsoft Office,NB020083
Microsoft Office,NB020084
Microsoft Office,NB020086
Microsoft Office,NB020088
Microsoft Office,NB020091
Microsoft Office,NB020100
Microsoft Office,NB020104
Microsoft Office,NB020108
Microsoft Office,NB020111
Microsoft Office,NB020118
Microsoft Office,NB020121
Microsoft Office,NB020130
Microsoft Office,NB020135
Microsoft Office,NB020136
Microsoft Office,NB020148
Microsoft Office,NB020151
Microsoft Office,NB020154
Microsoft Office,NB020163
Microsoft Office,NB020168
Microsoft Office,NB020170
Microsoft Office,NB020174
Microsoft Office,nb020183
Microsoft Office,NB020184
Microsoft Office,NB020185
Microsoft Office,NB020192
Microsoft Office,NB021015
Microsoft Office,NB021059
Microsoft Office,NB021060
Microsoft Office,NB021061
Microsoft Office,NB021062
Microsoft Office,NB021064
Microsoft Office,NB021066
Microsoft Office,NB021086
Microsoft Office,NB021485
Microsoft Office,NB022001
Microsoft Office,NB022002
Microsoft Office,NB022010
Microsoft Office,NB022011
Microsoft Office,NB022012
Microsoft Office,NB022017
Microsoft Office,NB022018
Microsoft Office,NB022020
Microsoft Office,NB022024
Microsoft Office,NB022025
Microsoft Office,NB022028
Microsoft Office,nb022032
Microsoft Office,NB022075
Microsoft Office,NB022076
Microsoft Office,NB022079
Microsoft Office,NB022081
Microsoft Office,NB022087
Microsoft Office,NB022089
Microsoft Office,NB022090
Microsoft Office,NB022091
Microsoft Office,NB022093
Microsoft Office,NB022096
Microsoft Office,NB022099
Microsoft Office,NB022101
Microsoft Office,NB022103
Microsoft Office,NB022105
Microsoft Office,NB022106
Microsoft Office,NB022107
Microsoft Office,NB022108
Microsoft Office,NB022109
Microsoft Office,NB022114
Microsoft Office,NB022115
Microsoft Office,NB022120
Microsoft Office,NB022124
Microsoft Office,NB022126
Microsoft Office,NB022129
Microsoft Office,NB022169
Microsoft Office,NB022170
Microsoft Office,NB022179
Microsoft Office,NB022182
Microsoft Office,NB022184
Microsoft Office,NB022219
Microsoft Office,NB022226
Microsoft Office,NB022229
Microsoft Office,NB022233
Microsoft Office,NB022237
Microsoft Office,NB022239
Microsoft Office,NB022240
Microsoft Office,NB022241
Microsoft Office,NB022244
Microsoft Office,NB022245
Microsoft Office,NB022246
Microsoft Office,NB022247
Microsoft Office,NB022249
Microsoft Office,NB022250
Microsoft Office,NB022272
Microsoft Office,NB022473
Microsoft Office,NB023603
Microsoft Office,NB023605
Microsoft Office,NB023606
Microsoft Office,NB023607
Microsoft Office,NB023611
Microsoft Office,NB023614
Microsoft Office,NB023619
Microsoft Office,NB023623
Microsoft Office,NB023626
Microsoft Office,NB023631
Microsoft Office,NB023639
Microsoft Office,NB023640
Microsoft Office,NB023650
Microsoft Office,NB023654
Microsoft Office,NB023656
Microsoft Office,NB023658
Microsoft Office,NB023660
Microsoft Office,NB023668
Microsoft Office,NB023677
Microsoft Office,NB023678
Microsoft Office,NB023682
Microsoft Office,NB023684
Microsoft Office,NB023689
Microsoft Office,NB023690
Microsoft Office,NB023701
Microsoft Office,NB023702
Microsoft Office,NB023703
Microsoft Office,NB023704
Microsoft Office,NB023711
Microsoft Office,NB023712
Microsoft Office,NB023720
Microsoft Office,NB023721
Microsoft Office,NB023759
Microsoft Office,NB023766
Microsoft Office,NB023767
Microsoft Office,NB023769
Microsoft Office,NB023770
Microsoft Office,NB023771
Microsoft Office,NB023773
Microsoft Office,NB023782
Microsoft Office,NB023783
Microsoft Office,NB023784
Microsoft Office,NB023785
Microsoft Office,NB023792
Microsoft Office,NB023794
Microsoft Office,NB023795
Microsoft Office,NB023800
Microsoft Office,NB023801
Microsoft Office,NB023802
Microsoft Office,NB023804
Microsoft Office,NB023808
Microsoft Office,NB023809
Microsoft Office,NB023812
Microsoft Office,NB023826
Microsoft Office,NB023852
Microsoft Office,NB023855
Microsoft Office,NB024392
Microsoft Office,NB024515
Microsoft Office,NB024856
Microsoft Office,NB025878
Microsoft Office,NB16959
Microsoft Office,NB22175
Microsoft Office,NB23653
Microsoft Office,NBDF019579
Microsoft Office,NBKE019627
Microsoft Office,NBKE022483
Microsoft Office,NBKE024820
Microsoft Office,NBMA016732
Microsoft Office,NBMA016733E
Microsoft Office,NBMA016741E
Microsoft Office,NBMA016907
Microsoft Office,NBMA018348
Microsoft Office,NBMA020388
Microsoft Office,NBMA020389
Microsoft Office,NBMA020391
Microsoft Office,NBMA020393
Microsoft Office,NBMA020396
Microsoft Office,NBMA022482
Microsoft Office,NBMA024796
Microsoft Office,NBMA024800
Microsoft Office,NBMA024801
Microsoft Office,NBMA024802
Microsoft Office,NBMA024808
Microsoft Office,NBMA024814
Microsoft Office,NBMA024816
Microsoft Office,NBMA024827
Microsoft Office,NBMADMENNA
Microsoft Office,NBMAO16743E
Microsoft Office,NBPP023671
Microsoft Office,NBRJ013489
Microsoft Office,NBRJ015760
Microsoft Office,NBRJ015936
Microsoft Office,NBRJ016262
Microsoft Office,NBRJ016267
Microsoft Office,NBRJ016351
Microsoft Office,NBRJ016355
Microsoft Office,NBRJ016357
Microsoft Office,NBRJ016868
Microsoft Office,NBRJ016911
Microsoft Office,NBRJ016937
Microsoft Office,NBRJ016940
Microsoft Office,NBRJ016942
Microsoft Office,NBRJ016950
Microsoft Office,NBRJ016957
Microsoft Office,NBRJ016958
Microsoft Office,NBRJ016960
Microsoft Office,NBRJ017019E
Microsoft Office,NBRJ017056
Microsoft Office,NBRJ017059
Microsoft Office,NBRJ017062
Microsoft Office,NBRJ017591
Microsoft Office,NBRJ017658E
Microsoft Office,NBRJ017660
Microsoft Office,NBRJ017663E
Microsoft Office,NBRJ017861
Microsoft Office,NBRJ017866
Microsoft Office,NBRJ017871
Microsoft Office,NBRJ017873
Microsoft Office,NBRJ017875
Microsoft Office,NBRJ017882
Microsoft Office,NBRJ018061
Microsoft Office,NBRJ018070
Microsoft Office,NBRJ018073
Microsoft Office,NBRJ018078
Microsoft Office,NBRJ018083
Microsoft Office,NBRJ018376
Microsoft Office,NBRJ019568
Microsoft Office,NBRJ019570
Microsoft Office,NBRJ019574
Microsoft Office,NBRJ019576
Microsoft Office,NBRJ019629
Microsoft Office,NBRJ019630
Microsoft Office,NBRJ019633
Microsoft Office,NBRJ019638
Microsoft Office,NBRJ019649
Microsoft Office,NBRJ019682J
Microsoft Office,NBRJ019686
Microsoft Office,NBRJ019687
Microsoft Office,NBRJ019688
Microsoft Office,NBRJ019689
Microsoft Office,NBRJ019690
Microsoft Office,NBRJ019691
Microsoft Office,NBRJ020116
Microsoft Office,NBRJ020766
Microsoft Office,NBRJ020768
Microsoft Office,NBRJ020770
Microsoft Office,NBRJ022004
Microsoft Office,NBRJ022472
Microsoft Office,NBRJ022474
Microsoft Office,NBRJ022475
Microsoft Office,NBRJ022477
Microsoft Office,NBRJ022485
Microsoft Office,NBRJ022490
Microsoft Office,NBRJ024755
Microsoft Office,NBRJ024756
Microsoft Office,NBRJ024757
Microsoft Office,NBRJ024830
Microsoft Office,NBRJ024831
Microsoft Office,NBRJ024833
Microsoft Office,NBRJ024836
Microsoft Office,NBRJ024838
Microsoft Office,NBRJ025849
Microsoft Office,NBRJ025850
Microsoft Office,NBRJ025898
Microsoft Office,NBRJ025900
Microsoft Office,NBRJ025902
Microsoft Office,NBRJ025903
Microsoft Office,NBRJ025906
Microsoft Office,NBRJ026203
Microsoft Office,NBRJ026206
Microsoft Office,ND018044
Microsoft Office,NT018151E
Microsoft Office,NT020128
Microsoft Office,NT020132
Microsoft Office,NT020134
Microsoft Office,NT020139
Microsoft Office,NT020159
Microsoft Office,NT022220
Microsoft Office,NTDF016656-PC
Microsoft Office,PEA3440
Microsoft Project,BRQNB018200E
Microsoft Project,DT0013153
Microsoft Project,DT0015834
Microsoft Project,DT0017405
Microsoft Project,DT009441
Microsoft Project,DT009452
Microsoft Project,DT009461
Microsoft Project,DT011304
Microsoft Project,DT012076
Microsoft Project,DT012092
Microsoft Project,DT012364
Microsoft Project,DT012365
Microsoft Project,DT012396
Microsoft Project,DT012401
Microsoft Project,DT012488
Microsoft Project,DT012497
Microsoft Project,DT012499
Microsoft Project,DT013081
Microsoft Project,DT013082
Microsoft Project,DT013154
Microsoft Project,DT014414
Microsoft Project,DT014431
Microsoft Project,DT014544
Microsoft Project,DT014585
Microsoft Project,DT015221
Microsoft Project,DT015819
Microsoft Project,DT015827
Microsoft Project,DT015844
Microsoft Project,DT015902
Microsoft Project,DT015906
Microsoft Project,DT016279
Microsoft Project,DT016290
Microsoft Project,DT016297
Microsoft Project,DT016311
Microsoft Project,DT017111
Microsoft Project,DT017116
Microsoft Project,DT017547
Microsoft Project,DT017557
Microsoft Project,DT017692E
Microsoft Project,DT017695
Microsoft Project,DT017708E
Microsoft Project,DT017712E
Microsoft Project,DT017726E
Microsoft Project,DT017739
Microsoft Project,dt018034e
Microsoft Project,DT018387
Microsoft Project,DT018407
Microsoft Project,DT021001
Microsoft Project,DT021045
Microsoft Project,DT022132
Microsoft Project,DT022156
Microsoft Project,DT022159
Microsoft Project,DT022256
Microsoft Project,DT022262
Microsoft Project,dt022267
Microsoft Project,DT022271
Microsoft Project,DT022289
Microsoft Project,DT022292
Microsoft Project,DT14584
Microsoft Project,DTDF021117
Microsoft Project,DTDF021132
Microsoft Project,DTDF021268
Microsoft Project,DTDF021272
Microsoft Project,DTMA024128
Microsoft Project,DTMA024177
Microsoft Project,DTMA024184
Microsoft Project,DTMA024228
Microsoft Project,DTMA024263
Microsoft Project,DTMA024272
Microsoft Project,DTMA24129
Microsoft Project,DTRJ008128
Microsoft Project,DTRJ013734
Microsoft Project,DTRJ013735
Microsoft Project,DTRJ015886
Microsoft Project,DTRJ016365
Microsoft Project,DTRJ017044
Microsoft Project,DTRJ017802E
Microsoft Project,DTRJ017812E
Microsoft Project,DTRJ017820
Microsoft Project,DTRJ024400
Microsoft Project,DTRJ024845
Microsoft Project,DTRJ025889
Microsoft Project,NB0018071
Microsoft Project,NB0020074
Microsoft Project,NB010916
Microsoft Project,NB011442
Microsoft Project,NB011445
Microsoft Project,NB012030
Microsoft Project,NB012045
Microsoft Project,NB012114
Microsoft Project,NB014513
Microsoft Project,NB014554
Microsoft Project,NB015704
Microsoft Project,NB015710
Microsoft Project,NB015712
Microsoft Project,NB015739
Microsoft Project,NB015753
Microsoft Project,NB015977
Microsoft Project,NB015980
Microsoft Project,nb015986
Microsoft Project,NB015993
Microsoft Project,nb016237
Microsoft Project,NB016252
Microsoft Project,NB016254
Microsoft Project,NB016256
Microsoft Project,NB016265
Microsoft Project,NB016364
Microsoft Project,NB016561E
Microsoft Project,NB016566
Microsoft Project,NB016572E
Microsoft Project,NB016573E
Microsoft Project,NB016575
Microsoft Project,NB016576
Microsoft Project,NB016582
Microsoft Project,NB016590
Microsoft Project,NB016591E
Microsoft Project,NB016592E
Microsoft Project,NB016599E
Microsoft Project,NB016625E
Microsoft Project,NB016635
Microsoft Project,NB016638E
Microsoft Project,NB016639
Microsoft Project,NB016642E
Microsoft Project,NB016647EX
Microsoft Project,NB016651E
Microsoft Project,NB0166666E
Microsoft Project,NB016666E
Microsoft Project,NB016675E
Microsoft Project,NB016678E
Microsoft Project,NB016679
Microsoft Project,NB016680E
Microsoft Project,NB016692E
Microsoft Project,NB016693E
Microsoft Project,NB016951
Microsoft Project,NB017063
Microsoft Project,NB017068
Microsoft Project,NB017086
Microsoft Project,NB017265
Microsoft Project,NB017267
Microsoft Project,NB017269
Microsoft Project,NB017280
Microsoft Project,NB017287
Microsoft Project,NB017292
Microsoft Project,NB017303
Microsoft Project,NB017307
Microsoft Project,NB017311
Microsoft Project,NB017314
Microsoft Project,NB017397
Microsoft Project,NB017521
Microsoft Project,NB017550
Microsoft Project,NB017561
Microsoft Project,NB017855
Microsoft Project,NB017857
Microsoft Project,NB017864
Microsoft Project,NB017867E
Microsoft Project,NB017870E
Microsoft Project,NB018051
Microsoft Project,NB018052E
Microsoft Project,NB018063E
Microsoft Project,NB018064E
Microsoft Project,NB018072E
Microsoft Project,NB018080E
Microsoft Project,NB018084E
Microsoft Project,NB018087E
Microsoft Project,NB018097E
Microsoft Project,NB018103E
Microsoft Project,NB018106E
Microsoft Project,NB018107E
Microsoft Project,NB018112E
Microsoft Project,NB018115E
Microsoft Project,NB018116
Microsoft Project,NB018122E
Microsoft Project,NB018126E
Microsoft Project,nb018128
Microsoft Project,NB018130
Microsoft Project,NB018133E
Microsoft Project,NB018134E
Microsoft Project,NB018143E
Microsoft Project,NB018144E
Microsoft Project,NB018149
Microsoft Project,NB018157
Microsoft Project,NB018163E
Microsoft Project,NB018370
Microsoft Project,NB018374
Microsoft Project,NB018382
Microsoft Project,NB019768
Microsoft Project,NB019775
Microsoft Project,NB019784
Microsoft Project,NB019786
Microsoft Project,NB019788
Microsoft Project,NB019789
Microsoft Project,NB020055
Microsoft Project,NB020072
Microsoft Project,NB020083
Microsoft Project,NB020084
Microsoft Project,NB020086
Microsoft Project,NB020091
Microsoft Project,NB020100
Microsoft Project,NB020104
Microsoft Project,NB020111
Microsoft Project,NB020118
Microsoft Project,NB020130
Microsoft Project,NB020151
Microsoft Project,NB020166
Microsoft Project,NB020170
Microsoft Project,NB020184
Microsoft Project,NB020185
Microsoft Project,NB021060
Microsoft Project,NB021061
Microsoft Project,NB021064
Microsoft Project,NB021066
Microsoft Project,NB021086
Microsoft Project,NB022002
Microsoft Project,NB022017
Microsoft Project,NB022020
Microsoft Project,NB022075
Microsoft Project,NB022081
Microsoft Project,NB022090
Microsoft Project,NB022091
Microsoft Project,NB022096
Microsoft Project,NB022105
Microsoft Project,NB022106
Microsoft Project,NB022114
Microsoft Project,NB022115
Microsoft Project,NB022129
Microsoft Project,NB022169
Microsoft Project,NB022170
Microsoft Project,NB022177
Microsoft Project,NB022182
Microsoft Project,NB022217
Microsoft Project,NB022219
Microsoft Project,NB022226
Microsoft Project,NB022241
Microsoft Project,NB023605
Microsoft Project,NB023607
Microsoft Project,NB023611
Microsoft Project,NB023639
Microsoft Project,NB023650
Microsoft Project,NB023654
Microsoft Project,NB023656
Microsoft Project,NB023682
Microsoft Project,NB023689
Microsoft Project,NB023703
Microsoft Project,NB023704
Microsoft Project,NB023711
Microsoft Project,NB023759
Microsoft Project,NB023773
Microsoft Project,NB023782
Microsoft Project,NB023783
Microsoft Project,NB023785
Microsoft Project,NB023787
Microsoft Project,NB023801
Microsoft Project,NB023808
Microsoft Project,NB023809
Microsoft Project,NB023812
Microsoft Project,NB16644E
Microsoft Project,NB16959
Microsoft Project,NBDF019579
Microsoft Project,NBKE019627
Microsoft Project,NBKE022483
Microsoft Project,NBMA016732
Microsoft Project,NBMA020393
Microsoft Project,NBMA022482
Microsoft Project,NBMA024800
Microsoft Project,NBMA024801
Microsoft Project,NBMA024802
Microsoft Project,NBMA024808
Microsoft Project,NBMADMENNA
Microsoft Project,NBMAO16743E
Microsoft Project,NBRJ013489
Microsoft Project,NBRJ016357
Microsoft Project,NBRJ016948
Microsoft Project,NBRJ016950
Microsoft Project,NBRJ017660
Microsoft Project,NBRJ017861
Microsoft Project,NBRJ017882
Microsoft Project,NBRJ018061
Microsoft Project,NBRJ018083
Microsoft Project,NBRJ018376
Microsoft Project,NBRJ019568
Microsoft Project,NBRJ019629
Microsoft Project,NBRJ019630
Microsoft Project,NBRJ019633
Microsoft Project,NBRJ019686
Microsoft Project,NBRJ019689
Microsoft Project,NBRJ020116
Microsoft Project,NBRJ020766
Microsoft Project,NBRJ020768
Microsoft Project,NBRJ022477
Microsoft Project,NBRJ022490
Microsoft Project,NBRJ024755
Microsoft Project,NBRJ024756
Microsoft Project,NBRJ024836
Microsoft Project,NBRJ024838
Microsoft Project,NBRJ025898
Microsoft Project,NBRJ025906
Microsoft Project,NBRJ026203
Microsoft Project,ND018044
Microsoft Project,NT020140
Microsoft Project,NT020159
Microsoft Visio,BRQDT021016
Microsoft Visio,DT0013153
Microsoft Visio,DT0015834
Microsoft Visio,DT0017405
Microsoft Visio,DT0018405
Microsoft Visio,DT009441
Microsoft Visio,DT009466
Microsoft Visio,DT012072
Microsoft Visio,DT012076
Microsoft Visio,DT012081
Microsoft Visio,DT012092
Microsoft Visio,DT012094
Microsoft Visio,DT012356
Microsoft Visio,DT012364
Microsoft Visio,DT012387
Microsoft Visio,DT012396
Microsoft Visio,DT012488
Microsoft Visio,DT012497
Microsoft Visio,DT012500
Microsoft Visio,DT013001
Microsoft Visio,DT013082
Microsoft Visio,DT013132
Microsoft Visio,DT013154
Microsoft Visio,DT014408
Microsoft Visio,DT014409
Microsoft Visio,DT014431
Microsoft Visio,DT014434
Microsoft Visio,DT014544
Microsoft Visio,DT0145800
Microsoft Visio,DT014585
Microsoft Visio,DT0152110
Microsoft Visio,DT015213
Microsoft Visio,DT015221
Microsoft Visio,dt015233
Microsoft Visio,DT015803
Microsoft Visio,DT015819
Microsoft Visio,DT015827
Microsoft Visio,DT015844
Microsoft Visio,DT015845
Microsoft Visio,DT015902
Microsoft Visio,DT015906
Microsoft Visio,DT016275
Microsoft Visio,DT016279
Microsoft Visio,DT016311
Microsoft Visio,DT016517E
Microsoft Visio,DT016520E
Microsoft Visio,DT017095
Microsoft Visio,DT017111
Microsoft Visio,DT017116
Microsoft Visio,DT017144
Microsoft Visio,dt017416
Microsoft Visio,DT017547
Microsoft Visio,DT017669E
Microsoft Visio,DT017671E
Microsoft Visio,DT017675E
Microsoft Visio,DT017681E
Microsoft Visio,DT017684E
Microsoft Visio,DT017708E
Microsoft Visio,DT017712E
Microsoft Visio,DT017719E
Microsoft Visio,DT017726E
Microsoft Visio,DT017739
Microsoft Visio,DT017775E
Microsoft Visio,DT018232
Microsoft Visio,DT018247
Microsoft Visio,DT018265
Microsoft Visio,DT018278
Microsoft Visio,DT020993
Microsoft Visio,DT020998
Microsoft Visio,DT020999
Microsoft Visio,DT021000
Microsoft Visio,DT021001
Microsoft Visio,DT021029
Microsoft Visio,DT021044
Microsoft Visio,DT022132
Microsoft Visio,DT022159
Microsoft Visio,DT022251
Microsoft Visio,dt022267
Microsoft Visio,DT022270
Microsoft Visio,DT022283
Microsoft Visio,DT0222890
Microsoft Visio,DTDF021085
Microsoft Visio,DTDF021117
Microsoft Visio,DTDF021132
Microsoft Visio,DTDF021142
Microsoft Visio,DTDF021146
Microsoft Visio,DTDF021150
Microsoft Visio,DTDF021268
Microsoft Visio,DTDF021284
Microsoft Visio,DTDF024797
Microsoft Visio,DTKE024988
Microsoft Visio,DTMA024272
Microsoft Visio,DTMA024290
Microsoft Visio,DTRJ008128
Microsoft Visio,DTRJ008136
Microsoft Visio,DTRJ012770
Microsoft Visio,DTRJ012773
Microsoft Visio,DTRJ013734
Microsoft Visio,DTRJ015867
Microsoft Visio,DTRJ015871
Microsoft Visio,DTRJ017812E
Microsoft Visio,DTRJ024400
Microsoft Visio,DTRJ024499
Microsoft Visio,NB0017563
Microsoft Visio,NB010892
Microsoft Visio,NB010916
Microsoft Visio,NB011440
Microsoft Visio,NB011442
Microsoft Visio,NB011445
Microsoft Visio,NB0120060
Microsoft Visio,NB012030
Microsoft Visio,NB012114
Microsoft Visio,NB015704
Microsoft Visio,NB015712
Microsoft Visio,NB015733
Microsoft Visio,NB015951
Microsoft Visio,NB015953
Microsoft Visio,NB015977
Microsoft Visio,NB015980
Microsoft Visio,NB015985
Microsoft Visio,NB015993
Microsoft Visio,NB016230
Microsoft Visio,NB016232
Microsoft Visio,NB016254
Microsoft Visio,NB016256
Microsoft Visio,NB016258
Microsoft Visio,NB016265
Microsoft Visio,NB016561E
Microsoft Visio,NB016572E
Microsoft Visio,NB016573E
Microsoft Visio,NB016576
Microsoft Visio,NB016582
Microsoft Visio,NB016591E
Microsoft Visio,NB016592E
Microsoft Visio,NB016599E
Microsoft Visio,NB016611E
Microsoft Visio,NB016625E
Microsoft Visio,NB016639
Microsoft Visio,NB016642E
Microsoft Visio,NB016647EX
Microsoft Visio,NB016651E
Microsoft Visio,NB016665E
Microsoft Visio,NB0166666E
Microsoft Visio,NB016674
Microsoft Visio,NB016675E
Microsoft Visio,NB016679
Microsoft Visio,NB016692E
Microsoft Visio,NB016913
Microsoft Visio,NB017063
Microsoft Visio,NB017068
Microsoft Visio,NB017086
Microsoft Visio,NB017265
Microsoft Visio,NB017275
Microsoft Visio,NB017287
Microsoft Visio,NB017303
Microsoft Visio,NB017307
Microsoft Visio,NB017311
Microsoft Visio,NB017314
Microsoft Visio,NB017550
Microsoft Visio,NB017857
Microsoft Visio,NB017862
Microsoft Visio,NB017864
Microsoft Visio,NB017868E
Microsoft Visio,NB017870E
Microsoft Visio,NB018017
Microsoft Visio,NB018050E
Microsoft Visio,NB018051
Microsoft Visio,NB018063E
Microsoft Visio,NB018064E
Microsoft Visio,NB018072E
Microsoft Visio,NB018077E
Microsoft Visio,NB018080E
Microsoft Visio,NB018084E
Microsoft Visio,NB018087E
Microsoft Visio,NB018097E
Microsoft Visio,NB018103E
Microsoft Visio,NB018106E
Microsoft Visio,NB018107E
Microsoft Visio,NB018115E
Microsoft Visio,NB018122E
Microsoft Visio,NB018127E
Microsoft Visio,nb018128
Microsoft Visio,NB018136E
Microsoft Visio,NB018149
Microsoft Visio,NB018156
Microsoft Visio,NB018157
Microsoft Visio,NB018163E
Microsoft Visio,NB018171E
Microsoft Visio,NB018190E
Microsoft Visio,NB018196E
Microsoft Visio,NB018197E
Microsoft Visio,NB018370
Microsoft Visio,NB018374
Microsoft Visio,NB018382
Microsoft Visio,NB019634
Microsoft Visio,NB019765
Microsoft Visio,NB019768
Microsoft Visio,NB019772
Microsoft Visio,NB019775
Microsoft Visio,NB019784
Microsoft Visio,NB019786
Microsoft Visio,NB019788
Microsoft Visio,NB019789
Microsoft Visio,NB019798
Microsoft Visio,NB019800
Microsoft Visio,NB020055
Microsoft Visio,nb020058
Microsoft Visio,NB020072
Microsoft Visio,NB020083
Microsoft Visio,NB020084
Microsoft Visio,NB020086
Microsoft Visio,NB020091
Microsoft Visio,NB020100
Microsoft Visio,NB020104
Microsoft Visio,NB020111
Microsoft Visio,NB020130
Microsoft Visio,NB020151
Microsoft Visio,NB020163
Microsoft Visio,NB020166
Microsoft Visio,NB020170
Microsoft Visio,NB020184
Microsoft Visio,NB020185
Microsoft Visio,NB020187
Microsoft Visio,NB020192
Microsoft Visio,NB021015
Microsoft Visio,NB021060
Microsoft Visio,NB021064
Microsoft Visio,NB021086
Microsoft Visio,NB022002
Microsoft Visio,NB022018
Microsoft Visio,NB022024
Microsoft Visio,NB022075
Microsoft Visio,NB022091
Microsoft Visio,NB022093
Microsoft Visio,NB022099
Microsoft Visio,NB022101
Microsoft Visio,NB022115
Microsoft Visio,NB022169
Microsoft Visio,NB022170
Microsoft Visio,NB022177
Microsoft Visio,NB022182
Microsoft Visio,NB022216
Microsoft Visio,NB022217
Microsoft Visio,NB022219
Microsoft Visio,NB022226
Microsoft Visio,NB022233
Microsoft Visio,NB022237
Microsoft Visio,NB022240
Microsoft Visio,NB022245
Microsoft Visio,NB022247
Microsoft Visio,NB022249
Microsoft Visio,NB022250
Microsoft Visio,NB023603
Microsoft Visio,NB023606
Microsoft Visio,NB023607
Microsoft Visio,NB023611
Microsoft Visio,NB023614
Microsoft Visio,NB023639
Microsoft Visio,NB023650
Microsoft Visio,NB023654
Microsoft Visio,NB023656
Microsoft Visio,NB023660
Microsoft Visio,NB023678
Microsoft Visio,NB023689
Microsoft Visio,NB023703
Microsoft Visio,NB023759
Microsoft Visio,NB023783
Microsoft Visio,NB023785
Microsoft Visio,NB023801
Microsoft Visio,NB023808
Microsoft Visio,NB22175
Microsoft Visio,NB22186
Microsoft Visio,NBDF019579
Microsoft Visio,NBKE019627
Microsoft Visio,NBMA016733E
Microsoft Visio,NBMA024801
Microsoft Visio,NBMA024802
Microsoft Visio,NBMA024827
Microsoft Visio,NBRJ015760
Microsoft Visio,NBRJ016357
Microsoft Visio,NBRJ016937
Microsoft Visio,NBRJ017663E
Microsoft Visio,NBRJ017861
Microsoft Visio,NBRJ017882
Microsoft Visio,NBRJ018070
Microsoft Visio,NBRJ018078
Microsoft Visio,NBRJ019576
Microsoft Visio,NBRJ019629
Microsoft Visio,NBRJ019633
Microsoft Visio,NBRJ020762
Microsoft Visio,NBRJ022474
Microsoft Visio,NBRJ024755
Microsoft Visio,NBRJ024836
Microsoft Visio,NBRJ024838
Microsoft Visio,NTDF016656-PC
Microsoft Visual Studio,D018396T
Microsoft Visual Studio,DMTA024201
Microsoft Visual Studio,DT011365
Microsoft Visual Studio,DT012093
Microsoft Visual Studio,DT012098
Microsoft Visual Studio,DT012396
Microsoft Visual Studio,DT012398
Microsoft Visual Studio,DT015227
Microsoft Visual Studio,DT015906
Microsoft Visual Studio,DT016775
Microsoft Visual Studio,DT017155
Microsoft Visual Studio,DT017548
Microsoft Visual Studio,DT017667E
Microsoft Visual Studio,DT017677E
Microsoft Visual Studio,DT017684E
Microsoft Visual Studio,DT017687E
Microsoft Visual Studio,DT017692E
Microsoft Visual Studio,DT017695
Microsoft Visual Studio,DT017706E
Microsoft Visual Studio,DT017716E
Microsoft Visual Studio,DT017798
Microsoft Visual Studio,DT017800
Microsoft Visual Studio,DT017800E
Microsoft Visual Studio,DT017817E
Microsoft Visual Studio,DT018210
Microsoft Visual Studio,DT018218
Microsoft Visual Studio,DT018246
Microsoft Visual Studio,DT018268
Microsoft Visual Studio,DT018279
Microsoft Visual Studio,DT018289
Microsoft Visual Studio,DT018292
Microsoft Visual Studio,DT018398
Microsoft Visual Studio,DT018590
Microsoft Visual Studio,DT021033
Microsoft Visual Studio,DT021045
Microsoft Visual Studio,DT022137
Microsoft Visual Studio,DT022160
Microsoft Visual Studio,DT022161
Microsoft Visual Studio,DT022274
Microsoft Visual Studio,DT024485
Microsoft Visual Studio,DTDF021083
Microsoft Visual Studio,DTDF021084
Microsoft Visual Studio,DTDF021085
Microsoft Visual Studio,DTDF021110
Microsoft Visual Studio,DTDF021112
Microsoft Visual Studio,DTDF021114
Microsoft Visual Studio,DTDF021117
Microsoft Visual Studio,DTDF021121
Microsoft Visual Studio,DTDF021123
Microsoft Visual Studio,DTDF021125
Microsoft Visual Studio,DTDF021129
Microsoft Visual Studio,DTDF021130
Microsoft Visual Studio,DTDF021131
Microsoft Visual Studio,DTDF021132
Microsoft Visual Studio,DTDF021133
Microsoft Visual Studio,DTDF021136
Microsoft Visual Studio,DTDF021139
Microsoft Visual Studio,DTDF021142
Microsoft Visual Studio,DTDF021145
Microsoft Visual Studio,DTDF021146
Microsoft Visual Studio,DTDF021150
Microsoft Visual Studio,DTDF021255
Microsoft Visual Studio,DTDF021256
Microsoft Visual Studio,DTDF021261
Microsoft Visual Studio,DTDF021267
Microsoft Visual Studio,DTDF021268
Microsoft Visual Studio,DTDF021270
Microsoft Visual Studio,DTDF021272
Microsoft Visual Studio,DTDF021275
Microsoft Visual Studio,DTDF021284
Microsoft Visual Studio,DTDF021288
Microsoft Visual Studio,DTDF021289
Microsoft Visual Studio,DTMA023578
Microsoft Visual Studio,DTMA023581
Microsoft Visual Studio,DTMA023586
Microsoft Visual Studio,DTMA023589
Microsoft Visual Studio,DTMA023594
Microsoft Visual Studio,DTMA023968
Microsoft Visual Studio,DTMA023974
Microsoft Visual Studio,DTMA024089
Microsoft Visual Studio,DTMA024102
Microsoft Visual Studio,DTMA024116
Microsoft Visual Studio,DTMA024118
Microsoft Visual Studio,DTMA024121
Microsoft Visual Studio,DTMA024122
Microsoft Visual Studio,DTMA024126
Microsoft Visual Studio,DTMA024130
Microsoft Visual Studio,DTMA024150
Microsoft Visual Studio,DTMA024152
Microsoft Visual Studio,DTMA024158
Microsoft Visual Studio,DTMA024160
Microsoft Visual Studio,DTMA024161
Microsoft Visual Studio,DTMA024175
Microsoft Visual Studio,DTMA024182
Microsoft Visual Studio,DTMA024189
Microsoft Visual Studio,DTMA024191
Microsoft Visual Studio,DTMA024192
Microsoft Visual Studio,DTMA024195
Microsoft Visual Studio,DTMA024197
Microsoft Visual Studio,DTMA024206
Microsoft Visual Studio,DTMA024226
Microsoft Visual Studio,DTMA024227
Microsoft Visual Studio,DTMA024228
Microsoft Visual Studio,DTMA024234
Microsoft Visual Studio,DTMA024258
Microsoft Visual Studio,DTMA024263
Microsoft Visual Studio,DTMA024275
Microsoft Visual Studio,DTMA024282
Microsoft Visual Studio,DTMA024283
Microsoft Visual Studio,DTMA024291
Microsoft Visual Studio,DTMA024307
Microsoft Visual Studio,DTMA024309
Microsoft Visual Studio,DTMA024310
Microsoft Visual Studio,DTMA024312
Microsoft Visual Studio,DTMA024320
Microsoft Visual Studio,DTMA024334
Microsoft Visual Studio,DTMA024335
Microsoft Visual Studio,DTMA024347
Microsoft Visual Studio,DTMA024352
Microsoft Visual Studio,DTMA024354
Microsoft Visual Studio,DTMA024355
Microsoft Visual Studio,DTMA024359
Microsoft Visual Studio,DTMA024360
Microsoft Visual Studio,DTMA024483
Microsoft Visual Studio,DTMA024494
Microsoft Visual Studio,DTMA024979
Microsoft Visual Studio,DTMA024985
Microsoft Visual Studio,DTMA24129
Microsoft Visual Studio,DTMAW932
Microsoft Visual Studio,DTMAW955
Microsoft Visual Studio,DTRJ008135
Microsoft Visual Studio,DTRJ020753
Microsoft Visual Studio,DTRJ020760
Microsoft Visual Studio,DTRJ024839
Microsoft Visual Studio,NB0017563
Microsoft Visual Studio,NB0020129
Microsoft Visual Studio,NB015944
Microsoft Visual Studio,NB015950
Microsoft Visual Studio,NB015985
Microsoft Visual Studio,nb015986
Microsoft Visual Studio,NB015991
Microsoft Visual Studio,NB016239
Microsoft Visual Studio,NB016561E
Microsoft Visual Studio,NB016563
Microsoft Visual Studio,NB016573E
Microsoft Visual Studio,NB016577
Microsoft Visual Studio,NB016591E
Microsoft Visual Studio,NB016592E
Microsoft Visual Studio,NB016606
Microsoft Visual Studio,NB016609E
Microsoft Visual Studio,NB016651E
Microsoft Visual Studio,NB016655
Microsoft Visual Studio,NB016679
Microsoft Visual Studio,NB016683E
Microsoft Visual Studio,NB017083
Microsoft Visual Studio,NB017287
Microsoft Visual Studio,NB017292
Microsoft Visual Studio,NB017359
Microsoft Visual Studio,NB017571
Microsoft Visual Studio,NB017857
Microsoft Visual Studio,NB017866E
Microsoft Visual Studio,NB017870E
Microsoft Visual Studio,NB017887
Microsoft Visual Studio,NB018048E
Microsoft Visual Studio,NB018052E
Microsoft Visual Studio,NB018063E
Microsoft Visual Studio,NB018064E
Microsoft Visual Studio,NB018077E
Microsoft Visual Studio,NB018080E
Microsoft Visual Studio,NB018084E
Microsoft Visual Studio,NB018087E
Microsoft Visual Studio,NB018097E
Microsoft Visual Studio,NB018103E
Microsoft Visual Studio,NB018110E
Microsoft Visual Studio,NB018115E
Microsoft Visual Studio,NB018119
Microsoft Visual Studio,NB018122E
Microsoft Visual Studio,NB018125E
Microsoft Visual Studio,nb018128
Microsoft Visual Studio,NB018131E
Microsoft Visual Studio,NB018132E
Microsoft Visual Studio,NB018136E
Microsoft Visual Studio,NB018138E
Microsoft Visual Studio,NB018157
Microsoft Visual Studio,NB018166
Microsoft Visual Studio,NB018179
Microsoft Visual Studio,NB018187E
Microsoft Visual Studio,NB018188
Microsoft Visual Studio,NB018196E
Microsoft Visual Studio,NB019781
Microsoft Visual Studio,NB019784
Microsoft Visual Studio,NB019798
Microsoft Visual Studio,NB020083
Microsoft Visual Studio,NB020084
Microsoft Visual Studio,NB020088
Microsoft Visual Studio,NB020104
Microsoft Visual Studio,NB020111
Microsoft Visual Studio,NB020121
Microsoft Visual Studio,NB020151
Microsoft Visual Studio,nb020183
Microsoft Visual Studio,NB021059
Microsoft Visual Studio,NB021062
Microsoft Visual Studio,NB021067
Microsoft Visual Studio,NB021485
Microsoft Visual Studio,NB022001
Microsoft Visual Studio,NB022012
Microsoft Visual Studio,NB022018
Microsoft Visual Studio,NB022024
Microsoft Visual Studio,NB022079
Microsoft Visual Studio,NB022082
Microsoft Visual Studio,NB022091
Microsoft Visual Studio,NB022096
Microsoft Visual Studio,NB022101
Microsoft Visual Studio,NB022129
Microsoft Visual Studio,NB022169
Microsoft Visual Studio,NB022180
Microsoft Visual Studio,NB022188
Microsoft Visual Studio,NB022226
Microsoft Visual Studio,NB022233
Microsoft Visual Studio,NB023603
Microsoft Visual Studio,NB023607
Microsoft Visual Studio,NB023614
Microsoft Visual Studio,NB023639
Microsoft Visual Studio,NB023677
Microsoft Visual Studio,NB023702
Microsoft Visual Studio,NB023703
Microsoft Visual Studio,NB023759
Microsoft Visual Studio,nb023768
Microsoft Visual Studio,NB023769
Microsoft Visual Studio,NB023795
Microsoft Visual Studio,NBDF019579
Microsoft Visual Studio,NBMA016732
Microsoft Visual Studio,NBMA020391
Microsoft Visual Studio,NBMA020393
Microsoft Visual Studio,NBPP023671
Microsoft Visual Studio,NBRJ017658E
Microsoft Visual Studio,NBRJ017663E
Microsoft Visual Studio,NBRJ019688
Microsoft Visual Studio,NT016601E
Microsoft Visual Studio,NT020140
Oracle Fusion,DTMA024165
Oracle Fusion,DTMA024264
Oracle Fusion,DTMA024346
Oracle Fusion,NB017314
Oracle Fusion,NB023783
Oracle Toad,DT017721E
Oracle Toad,DT020758
Oracle Toad,DT022152
Oracle WebLogic,DT018267
Oracle WebLogic,DTKE024988
Oracle WebLogic,DTMA024165
Oracle WebLogic,DTMA024166
Oracle WebLogic,DTMA024264
Oracle WebLogic,DTMA024295
Oracle WebLogic,DTMA024330
Oracle WebLogic,DTMA024346
Oracle WebLogic,DTMA024979
Oracle WebLogic,DTMA024982
Oracle WebLogic,DTMAW932
Oracle WebLogic,NB016649E
Oracle WebLogic,NB017314
Oracle WebLogic,NB018122E
Oracle WebLogic,NB018156
Oracle WebLogic,NB022118
Oracle WebLogic,NB022216
Oracle WebLogic,NB023631
Oracle WebLogic,NB023767
Oracle WebLogic,NB023783
Oracle WebLogic,NB023794
Oracle WebLogic,PEA3440
Quest SQL,DT017686E
Quest SQL,DT017721E
Quest SQL,DT020758
Quest SQL,DT022152
Sybase PowerBuilder,DT0013153
Sybase PowerBuilder,DT012093
Sybase PowerBuilder,DT012476
Sybase PowerBuilder,DT015212
Sybase PowerBuilder,DT015214
Sybase PowerBuilder,DT015215
Sybase PowerBuilder,DT015216
Sybase PowerBuilder,DT016311
Sybase PowerBuilder,NB011441
Sybase PowerBuilder,NB019796
Sybase PowerDesigner,BRQDT021016
Sybase PowerDesigner,D018396T
Sybase PowerDesigner,DT0013153
Sybase PowerDesigner,DT0015218
Sybase PowerDesigner,DT0015834
Sybase PowerDesigner,DT0017405
Sybase PowerDesigner,DT00938
Sybase PowerDesigner,DT009441
Sybase PowerDesigner,DT009454
Sybase PowerDesigner,DT009461
Sybase PowerDesigner,DT009464
Sybase PowerDesigner,DT009465
Sybase PowerDesigner,DT009466
Sybase PowerDesigner,DT009472
Sybase PowerDesigner,DT009526
Sybase PowerDesigner,DT011305
Sybase PowerDesigner,DT011402
Sybase PowerDesigner,DT011405
Sybase PowerDesigner,DT011407
Sybase PowerDesigner,DT011411
Sybase PowerDesigner,DT012048
Sybase PowerDesigner,DT012049
Sybase PowerDesigner,DT012053
Sybase PowerDesigner,DT012064
Sybase PowerDesigner,DT012081
Sybase PowerDesigner,DT012083
Sybase PowerDesigner,DT012084
Sybase PowerDesigner,DT012085
Sybase PowerDesigner,DT012093
Sybase PowerDesigner,DT012098
Sybase PowerDesigner,DT012360
Sybase PowerDesigner,DT012364
Sybase PowerDesigner,DT012379
Sybase PowerDesigner,DT0123830
Sybase PowerDesigner,DT012385
Sybase PowerDesigner,DT012401
Sybase PowerDesigner,DT012426
Sybase PowerDesigner,DT012472
Sybase PowerDesigner,DT012476
Sybase PowerDesigner,DT012480
Sybase PowerDesigner,DT012492
Sybase PowerDesigner,DT013132
Sybase PowerDesigner,DT013136
Sybase PowerDesigner,DT013174
Sybase PowerDesigner,DT014408
Sybase PowerDesigner,DT014413
Sybase PowerDesigner,DT014429
Sybase PowerDesigner,DT014434
Sybase PowerDesigner,DT014574
Sybase PowerDesigner,DT014657
Sybase PowerDesigner,DT014665
Sybase PowerDesigner,DT0152110
Sybase PowerDesigner,DT015212
Sybase PowerDesigner,DT015213
Sybase PowerDesigner,DT015214
Sybase PowerDesigner,DT015215
Sybase PowerDesigner,DT015216
Sybase PowerDesigner,DT015220
Sybase PowerDesigner,DT015812
Sybase PowerDesigner,DT015825
Sybase PowerDesigner,DT015827
Sybase PowerDesigner,DT015835
Sybase PowerDesigner,DT015844
Sybase PowerDesigner,DT016282
Sybase PowerDesigner,DT016285
Sybase PowerDesigner,DT016292
Sybase PowerDesigner,DT016293
Sybase PowerDesigner,DT016297
Sybase PowerDesigner,DT016306
Sybase PowerDesigner,DT016310
Sybase PowerDesigner,DT016311
Sybase PowerDesigner,DT016320
Sybase PowerDesigner,DT016321
Sybase PowerDesigner,DT016326
Sybase PowerDesigner,DT016501E
Sybase PowerDesigner,DT016517E
Sybase PowerDesigner,DT017163
Sybase PowerDesigner,DT017387
Sybase PowerDesigner,DT017407
Sybase PowerDesigner,DT017428A
Sybase PowerDesigner,DT017671E
Sybase PowerDesigner,DT017672
Sybase PowerDesigner,DT017677E
Sybase PowerDesigner,DT017684E
Sybase PowerDesigner,DT017691E
Sybase PowerDesigner,DT017704E
Sybase PowerDesigner,DT017706E
Sybase PowerDesigner,DT017708E
Sybase PowerDesigner,DT017761E
Sybase PowerDesigner,DT017795
Sybase PowerDesigner,dt018034e
Sybase PowerDesigner,DT018207
Sybase PowerDesigner,DT018213
Sybase PowerDesigner,DT018232
Sybase PowerDesigner,DT018236
Sybase PowerDesigner,DT0182385
Sybase PowerDesigner,DT018242
Sybase PowerDesigner,DT018260
Sybase PowerDesigner,DT018263
Sybase PowerDesigner,DT018267
Sybase PowerDesigner,DT018268
Sybase PowerDesigner,DT018398
Sybase PowerDesigner,DT020993
Sybase PowerDesigner,DT020994
Sybase PowerDesigner,DT020995
Sybase PowerDesigner,DT020999
Sybase PowerDesigner,DT021029
Sybase PowerDesigner,DT021033
Sybase PowerDesigner,DT021042
Sybase PowerDesigner,DT021045
Sybase PowerDesigner,DT022131
Sybase PowerDesigner,DT022135
Sybase PowerDesigner,DT022137
Sybase PowerDesigner,DT022138
Sybase PowerDesigner,DT022140
Sybase PowerDesigner,DT022151
Sybase PowerDesigner,DT022152
Sybase PowerDesigner,DT022154
Sybase PowerDesigner,DT022158
Sybase PowerDesigner,DT022159
Sybase PowerDesigner,DT022160
Sybase PowerDesigner,DT022162
Sybase PowerDesigner,DT022164
Sybase PowerDesigner,DT022165
Sybase PowerDesigner,DT022251
Sybase PowerDesigner,DT022256
Sybase PowerDesigner,DT022263
Sybase PowerDesigner,DT022269
Sybase PowerDesigner,DT022271
Sybase PowerDesigner,DT022274
Sybase PowerDesigner,DT022289
Sybase PowerDesigner,DT0222890
Sybase PowerDesigner,DT024485
Sybase PowerDesigner,DT025859
Sybase PowerDesigner,DT22290
Sybase PowerDesigner,DTDF021083
Sybase PowerDesigner,DTDF021084
Sybase PowerDesigner,DTDF021085
Sybase PowerDesigner,DTDF021110
Sybase PowerDesigner,DTDF021112
Sybase PowerDesigner,DTDF021114
Sybase PowerDesigner,DTDF021117
Sybase PowerDesigner,DTDF021121
Sybase PowerDesigner,DTDF021123
Sybase PowerDesigner,DTDF021125
Sybase PowerDesigner,DTDF021129
Sybase PowerDesigner,DTDF021130
Sybase PowerDesigner,DTDF021131
Sybase PowerDesigner,DTDF021132
Sybase PowerDesigner,DTDF021133
Sybase PowerDesigner,DTDF021136
Sybase PowerDesigner,DTDF021139
Sybase PowerDesigner,DTDF021142
Sybase PowerDesigner,DTDF021145
Sybase PowerDesigner,DTDF021146
Sybase PowerDesigner,DTDF021150
Sybase PowerDesigner,DTDF021254XP
Sybase PowerDesigner,DTDF021256
Sybase PowerDesigner,DTDF021261
Sybase PowerDesigner,DTDF021266
Sybase PowerDesigner,DTDF021267
Sybase PowerDesigner,DTDF021268
Sybase PowerDesigner,DTDF021270
Sybase PowerDesigner,DTDF021272
Sybase PowerDesigner,DTDF021275
Sybase PowerDesigner,DTDF021284
Sybase PowerDesigner,DTDF021288
Sybase PowerDesigner,DTDF021289
Sybase PowerDesigner,DTMA0223597
Sybase PowerDesigner,DTMA023596
Sybase PowerDesigner,DTMA023598
Sybase PowerDesigner,DTMA023600
Sybase PowerDesigner,DTMA023958
Sybase PowerDesigner,DTMA023962
Sybase PowerDesigner,DTMA023965
Sybase PowerDesigner,DTMA024107
Sybase PowerDesigner,DTMA024114
Sybase PowerDesigner,DTMA024115
Sybase PowerDesigner,DTMA024132
Sybase PowerDesigner,DTMA024147
Sybase PowerDesigner,DTMA024152
Sybase PowerDesigner,DTMA024182
Sybase PowerDesigner,DTMA024198
Sybase PowerDesigner,DTMA024199
Sybase PowerDesigner,DTMA024234
Sybase PowerDesigner,DTMA024265
Sybase PowerDesigner,DTMA024283
Sybase PowerDesigner,DTMA024293
Sybase PowerDesigner,DTMA024294
Sybase PowerDesigner,DTMA024359
Sybase PowerDesigner,DTMA024360
Sybase PowerDesigner,DTPP017679E
Sybase PowerDesigner,DTRJ017044
Sybase PowerDesigner,DTRJ017806E
Sybase PowerDesigner,DTRJ017809E
Sybase PowerDesigner,DTRJ024496
Sybase PowerDesigner,NB0017563
Sybase PowerDesigner,NB0020074
Sybase PowerDesigner,NB0021065
Sybase PowerDesigner,NB011441
Sybase PowerDesigner,NB012030
Sybase PowerDesigner,NB013113
Sybase PowerDesigner,NB015704
Sybase PowerDesigner,NB015713
Sybase PowerDesigner,NB015734
Sybase PowerDesigner,NB015743
Sybase PowerDesigner,NB015938
Sybase PowerDesigner,NB015944
Sybase PowerDesigner,NB015954
Sybase PowerDesigner,NB015972
Sybase PowerDesigner,NB015977
Sybase PowerDesigner,NB015990
Sybase PowerDesigner,NB016239
Sybase PowerDesigner,NB016248
Sybase PowerDesigner,NB016253
Sybase PowerDesigner,NB016542E
Sybase PowerDesigner,NB016573E
Sybase PowerDesigner,NB016575
Sybase PowerDesigner,NB016582
Sybase PowerDesigner,NB016595
Sybase PowerDesigner,NB016609E
Sybase PowerDesigner,NB016623E
Sybase PowerDesigner,NB016625E
Sybase PowerDesigner,NB016642E
Sybase PowerDesigner,NB016653E
Sybase PowerDesigner,NB0166666E
Sybase PowerDesigner,NB016679
Sybase PowerDesigner,NB017081
Sybase PowerDesigner,NB017083
Sybase PowerDesigner,NB017084
Sybase PowerDesigner,NB017086
Sybase PowerDesigner,NB017275
Sybase PowerDesigner,NB017284
Sybase PowerDesigner,NB017285
Sybase PowerDesigner,NB017307
Sybase PowerDesigner,NB017314
Sybase PowerDesigner,NB017397
Sybase PowerDesigner,NB017562
Sybase PowerDesigner,NB017571
Sybase PowerDesigner,NB017864
Sybase PowerDesigner,NB018052E
Sybase PowerDesigner,NB018084E
Sybase PowerDesigner,NB018094E
Sybase PowerDesigner,NB018096E
Sybase PowerDesigner,NB018103E
Sybase PowerDesigner,NB018121E
Sybase PowerDesigner,NB018122E
Sybase PowerDesigner,NB018125E
Sybase PowerDesigner,NB018137E
Sybase PowerDesigner,NB018149
Sybase PowerDesigner,NB018154
Sybase PowerDesigner,NB018163E
Sybase PowerDesigner,NB018166
Sybase PowerDesigner,NB018171E
Sybase PowerDesigner,NB018175
Sybase PowerDesigner,NB018196E
Sybase PowerDesigner,NB018373
Sybase PowerDesigner,NB019625
Sybase PowerDesigner,NB019766
Sybase PowerDesigner,NB019777
Sybase PowerDesigner,NB019781
Sybase PowerDesigner,NB019783
Sybase PowerDesigner,NB019784
Sybase PowerDesigner,NB019796
Sybase PowerDesigner,NB019798
Sybase PowerDesigner,NB019800
Sybase PowerDesigner,NB020083
Sybase PowerDesigner,NB020102
Sybase PowerDesigner,NB020108
Sybase PowerDesigner,NB020111
Sybase PowerDesigner,NB020118
Sybase PowerDesigner,NB020136
Sybase PowerDesigner,NB020166
Sybase PowerDesigner,NB021059
Sybase PowerDesigner,NB021062
Sybase PowerDesigner,NB022001
Sybase PowerDesigner,NB022002
Sybase PowerDesigner,NB022017
Sybase PowerDesigner,nb022032
Sybase PowerDesigner,NB022096
Sybase PowerDesigner,NB022106
Sybase PowerDesigner,NB022112
Sybase PowerDesigner,NB022118
Sybase PowerDesigner,NB022129
Sybase PowerDesigner,NB022177
Sybase PowerDesigner,NB022179
Sybase PowerDesigner,NB022180
Sybase PowerDesigner,NB022188
Sybase PowerDesigner,NB022217
Sybase PowerDesigner,NB022233
Sybase PowerDesigner,NB022241
Sybase PowerDesigner,NB022244
Sybase PowerDesigner,NB022246
Sybase PowerDesigner,NB022247
Sybase PowerDesigner,NB022272
Sybase PowerDesigner,NB023605
Sybase PowerDesigner,NB023607
Sybase PowerDesigner,NB023609
Sybase PowerDesigner,NB023611
Sybase PowerDesigner,NB023626
Sybase PowerDesigner,NB023631
Sybase PowerDesigner,NB023632
Sybase PowerDesigner,NB023639
Sybase PowerDesigner,NB023640
Sybase PowerDesigner,NB023641
Sybase PowerDesigner,NB023649
Sybase PowerDesigner,NB023650
Sybase PowerDesigner,NB023658
Sybase PowerDesigner,NB023659
Sybase PowerDesigner,NB023660
Sybase PowerDesigner,NB023669
Sybase PowerDesigner,NB023682
Sybase PowerDesigner,NB023703
Sybase PowerDesigner,NB023704
Sybase PowerDesigner,NB023766
Sybase PowerDesigner,NB023767
Sybase PowerDesigner,NB023769
Sybase PowerDesigner,NB023770
Sybase PowerDesigner,NB023771
Sybase PowerDesigner,NB023772
Sybase PowerDesigner,NB023782
Sybase PowerDesigner,NB023783
Sybase PowerDesigner,NB16644E
Sybase PowerDesigner,NB22175
Sybase PowerDesigner,NBDF019579
Sybase PowerDesigner,NBMA020393
Sybase PowerDesigner,NBMA024827
Sybase PowerDesigner,NBPP023671
Sybase PowerDesigner,NBRJ016262
Sybase PowerDesigner,NBRJ017059
Sybase PowerDesigner,NBRJ018083
Sybase PowerDesigner,NT018241
Sybase PowerDesigner,NT020134
Sybase PowerDesigner,NT020140
