ADPROD199MAL;"ADPROD199MAL\Administrator"
ALPHASERVER17;"aroldojunior"
AMS138;"wei"
BRQ;"dcardozo"
BRQDT021016;"andremiyamoto"
BRQNB018200E;"rafaelsantos"
CITRIXPRODRM01;"anamarques"
CITRIXPRODRM04;"carlosnascimento"
CITRIXPRODRM05;"niltongoncalves"
CITRIXPRODRM06;"janekelly"
CITRIXPRODRM08;"gnigro"
CITRIXPRODRM09;"andreiarodrigues"
CITRIXPRODRM10;"daniellerego"
CITRIXPRODRM11;"alexandrecosta"
CITRIXPRODRM12;"mcardoso"
CITRIXPRODRM13;"meryreis"
CITRIXPRODRM14;"ealvessantos"
CITRIXPRODRM15;"nmota"
CITRIXPRODRM16;"amandamlima"
CITRIXPRODRM17;"costen"
CITRIXPRODRM18;"aclima"
CITRIXPRODRM20;"ealvessantos"
CITRIXPRODRM22;"adrianaaparecida"
D018396T;"paulofreire"
DFSERVER207;"mgondim"
DFSERVER208;"rafaelalmeida"
DFSERVER228;"WIN-86AB2024CV6\Administrator"
DFSERVER4;"mgondim"
DFSRVCEF225;"grocha_pbsb"
DMTA024201;"marcosmagno"
DT00013127;"brunomoraes"
DT0013153;"lorti"
DT0015218;"rdiniz"
DT0015834;"ftarabay"
DT0017402;"ikaromorais"
DT0017405;"angelafbrito"
DT0018405;"amlopes"
DT007010;"wyukimide"
DT007054;"marcelaraujo"
DT008126;"marcusnogueira"
DT00938;"cgolabek"
DT009441;"kborges"
DT009444E;"jose.campos"
DT009447;"claudiacosta"
DT009452;"robson.vellasques"
DT009454;"rodrigotlacerda"
DT009461;"rosericcetto"
DT009464;"m.silva"
DT009465;"eneves"
DT009466;"jms"
DT009467;"jose.tosi"
DT009469;"haroldoriccetto"
DT009472;"felipevale"
DT009526;"ealpendre"
DT009527;"kmoura"
DT009528;"rbernardes"
DT011304;"jgiroleti"
DT011305;"kaiquemoniz"
DT011317;"fcastilho"
DT011365;"casantos"
DT011402;"sarafat"
DT011405;"dflopes"
DT011406;"lamartins"
DT011407;"elisabetemota"
DT011410;"jessicajanardi"
DT011411;"ssborges"
DT012047;"emcsilva"
DT012048;"argarcia"
DT012049;"fschivel"
DT012051;"alexgiovanni"
DT012053;"alexandrefornazi"
DT012062;"rpaulino"
DT012063;"dbatistasilva"
DT012064;"anaguedes"
DT012072;"fernando.fumio"
DT012073;"jyoliveira"
DT012076;"luiz.benedito"
DT012078;"eduardo.escobar"
DT012081;"rvettorazzo"
DT012082;"nicolasmp"
DT012083;"brunocasali"
DT012084;"eduardosanchez"
DT012085;"wssantos"
DT012088;"thiagoaugusto"
DT012090;"grigorio.santos"
DT012091;"ivanreis"
DT012092;"fabiosouza"
DT012093;"czilioli"
DT012094;"ppeixoto"
DT012096;"nishi"
DT012098;"mvaraujo"
DT012355;"marcia.fonseca"
DT012356;"gabrielxavier"
DT012360;"gperillo"
DT012364;"giovannacaetano"
DT012365;"jansonei"
DT012368;"elpidiayshida"
DT012371;"pbermedo"
DT012377;"gdarlan"
DT012379;"marcelrosa"
DT0123830;"ldias"
DT012385;"marcoskazu"
DT012387;"bbuenocamargo"
DT012394;"fabio.soares"
DT012398;"marianamoto"
DT012401;"caiqueothon"
DT012402;"gcsouza"
DT012426;"douglassouza"
DT012466;"marianasantos"
DT012472;"michiyama"
DT012475;"fribeiro"
DT012476;"roviganico"
DT012477;"rpgomes"
DT012480;"apereirasilva"
DT012481;"guilhermebelas"
DT012485;"fyoshio"
DT012486;"lramosouza"
DT012487;"rfranzoni"
DT012488;"altheodoro"
DT012492;"fgomes"
DT012493;"alancardoso"
DT012496;"elaine.cristine"
DT012497;"kenichi"
DT012499;"rrampazzo"
DT012500;"henriquekostriuba"
DT013001;"robsoncesa"
DT013002;"facilities"
DT013061;"wilson.cavaleiros"
DT013069;"mbiazucci"
DT013077;"lmatumoto"
DT013081;"vmunarin"
DT013082;"gvianni"
DT013120;"bsmartins"
DT013128;"vperez"
DT013130;"arubello"
DT013132;"telmapedroso"
DT013133;"sbarros"
DT013136;"pedroderossi"
DT013143;"larissaangelo"
DT013145;"miriam.kanashiro"
DT013154;"egushiken"
DT013156;"flopez"
DT013158;"csampei"
DT013159;"pedrobartoli"
DT013174;"rvecchio"
DT013372;"cdeulefeu"
DT014402;"hyukimide"
DT014405;"marciafeitosa"
DT014408;"isatomi"
DT014409;"ehashimoto"
DT014412;"eduardoantunes"
DT014413;"ricardobonfim"
DT014414;"marina.kasue"
DT014429;"pgomes"
DT014431;"easilva"
DT014434;"aosantos"
DT014544;"elisangela.escribano"
DT014571;"mthirata"
DT014574;"fesilva"
DT014578;"brunoheidorn"
DT0145800;"sergio.doblinski"
DT014585;"yukio.wada"
DT014586;"tpimentel"
DT014594;"adrianoranea"
DT014597;"dmsilva"
DT014600;"jgonzaga"
DT014651;"rbezerra"
DT014657;"rmazaro"
DT014665;"epsilva"
DT015204;"gbastos"
DT0152110;"gilmarferreira"
DT015212;"rconceicao"
DT015213;"iramos"
DT015214;"sergiopires"
DT015215;"aiborra"
DT015216;"itarufukumoto"
DT015220;"leidianef"
DT015221;"hfilier"
DT015225;"rovieira"
DT015227;"avaraujo"
DT015233;"minouye"
DT015803;"minouye"
DT015806;"thonda"
DT015810;"jsilikas"
DT015812;"mauriciosb"
DT015819;"hbarba"
DT015825;"ailtonsantos"
DT015827;"rescobar"
DT015833;"leilaobrq"
DT015835;"lucianemelo"
DT015837;"rodrigolucio"
DT015844;"walacesouza"
DT015845;"eandrade"
DT015872;"jgomes"
DT015902;"pvela"
DT015905;"jgois"
DT016269;"juliaprado"
DT016270;"amartinssantos"
DT016271;"phcosta"
DT016275;"lsilvalopes"
DT016278;"gmacorin"
DT016279;"pmlima"
DT016282;"apfnascimento"
DT016285;"tcampos"
DT016289;"thatianecalegari"
DT016290;"lfcabral"
DT016292;"dpsilva"
DT016293;"psmartins"
DT016295;"bbsantos"
DT016297;"auchoa"
DT016299;"gasantos"
DT016300;"patricialira"
DT016306;"ryanase"
DT016308;"lemoraes"
DT016310;"jackelinevalentin"
DT016311;"drmartins"
DT016313;"wagnerhilario"
DT016315;"jmisael"
DT016320;"ccsantos"
DT016321;"rdsoliveira"
DT016326;"gabriellyleonel"
DT016327;"cssouza"
DT016329;"ezanluchi"
DT016331;"vitorlyra"
DT016336;"carlosvaccari"
DT016501E;"e.silva"
DT016503E;"danielcorrea"
DT016504E;"crosendo"
DT016508E;"suelinagao"
DT016512E;"fernandotello"
DT016513E;"ronaldojrsilva"
DT016517E;"dgalhardoni"
DT016519E;"wlopes"
DT016520E;"epedrazzi_pbvista"
DT016523E;"andremarinho"
DT016762E;"msroberto"
DT016775;"afonseca"
DT016782;"cmelo_fteo"
DT017043;"michelenink"
DT017095;"chsilva"
DT017097;"paulobrito"
DT017101;"jeffersonribeiro"
DT017104;"bbatista"
DT017107E;"camilamiranda"
DT017111;"sergiootsuka"
DT017116;"sfugikava"
DT017118;"klebersantos"
DT017123;"cvieira"
DT017127;"nferreira"
DT017144;"tbello"
DT017152;"ewcosta"
DT017155;"rleone"
DT017156;"paulo.andre"
DT017163;"victoraugustomelo"
DT017164;"andreduarte"
DT017385;"renatosantos"
DT017387;"liliane.delvecchio"
DT017399;"igoes"
DT017400;"marliguarizzo"
DT017404;"barbarafeliciano"
DT017407;"ftarabay"
DT017414;"fernandabispo"
DT017416;"cjribeiro"
DT017428A;"mcferreira"
DT017544;"nataliakaczmarzyk"
DT017546;"fmoleiro"
DT017547;"cristiane.oliveira"
DT017548;"dgenovez"
DT017551;"leonardohrjesus"
DT017556;"joaopugsley"
DT017557;"amsouza"
DT017581;"luisharduim"
DT017607;"lplacerda"
DT017615;"DT017615\BRQ"
DT017667E;"brunocampos"
DT017668E;"mtanaka"
DT017669E;"emferreira"
DT017670E;"mosantos"
DT017671E;"sergpina"
DT017672;"cmatsumura"
DT017674E;"dtiberio"
DT017674;"pmoreira"
DT017675E;"rmarcondes"
DT017677E;"rdinsantos"
DT017677;"tonyr"
DT017681E;"andreiwazaki"
DT017681;"rconstantino"
DT017682E;"rceli"
DT017683;"leandrocostasilva"
DT017684E;"mthomazinho"
DT017686E;"misaelrt"
DT017687E;"dcararo"
DT017688E;"andremiyamoto"
DT017689E;"sidneypall"
DT017691E;"mmlima"
DT017692E;"monicav"
DT017695;"emoisinho"
DT017697E;"caiogregorio"
DT017703E;"hssilva"
DT017704E;"cvoginski"
DT017706E;"afioretti"
DT017708E;"eberto"
DT017709E;"kgutierrez"
DT017710E;"emersonlima"
DT017712E;"ivanlima"
DT017713;"ltorre"
DT017716E;"dnunes"
DT017717E;"ldevico"
DT017718E;"rafaelsakai"
DT017719E;"alanpenha"
DT017721E;"abenavides"
DT017724E;"alexqueiroz"
DT017726E;"lspessotto"
DT017739;"rogeriosoares"
DT017746E;"dt017746E\brq"
DT017748E;"miriamsoares"
DT017749E;"rmalta"
DT017760E;"anamarengo"
DT017761E;"monicavasques"
DT017762E;"dcardozo"
DT017763E;"azanardi"
DT017770E;"marizalucena"
DT017772E;"rcatarina"
DT017775E;"jsantossilva"
DT017776E;"priscilaluiz"
DT017795;"jcbgomes"
DT017798;"fernandodantas"
DT017800E;"lucasfaria"
DT017800;"rgomes"
DT017817E;"wleite"
DT017817;"leandrosantos"
DT017944;"diegojesus"
DT018001E;"mfroelich"
DT018002E;"gbleite"
DT018009E;"anapaulanascimento"
DT018010E;"diogopablo"
DT018030E;"wduarte"
DT018031E;"adrieneabe"
DT018034E;"leonardotanikawa"
DT018207;"mpacifico"
DT018209;"pvietri"
DT018210;"aclaudiosilva"
DT018213;"jonathanreis"
DT018214;"tiagosanches"
DT018216;"wbpereira"
DT018218;"ecaetano"
DT018227;"gdarlan"
DT018229-;"mfagnoni"
DT018232;"ruehara"
DT018236;"dpsilva"
DT0182385;"cmarson"
DT018242;"umenezes"
DT018244;"dlustosa"
DT018245;"ffjunior"
DT018246;"nonaka"
DT018247;"emmanuel"
DT018249;"eduardoflorencio"
DT018252;"rodrigoniak"
DT018260;"mariangelasilva"
DT018263;"wnobrega"
DT018265;"otavioserrate"
DT018267;"fecosta"
DT018268;"diogogiordani"
DT018271;"leandroanzai"
DT018275;"sfoliveira"
DT018276;"gilmarc"
DT018278;"rakui"
DT018279;"douglasmartinez"
DT018289;"rafaelalmeida"
DT018292;"dmsilva"
DT018387;"edman.zamai"
DT018388;"carlaabe"
DT018392;"johnnysk"
DT018398;"williansilva"
DT018399;"mtacaci"
DT018407;"fabioalmeida"
DT018408;"lpmonteiro"
DT018409;"americo.souza"
DT018410;"edisonbiava"
DT018414;"ljones"
DT018415;"fernandok"
DT018416;"alexandremedeiros"
DT018590;"rsilvaferreira"
DT020754;"fpaes"
DT020758;"eduardosilva"
DT020993;"cpereira_pbvista"
DT020994;"cpassos"
DT020995;"gledsoncarvalho"
DT020996;"alexandrevieira"
DT020998;"cmfurtado"
DT020999;"michellenigmann"
DT021000;"ghideki"
DT021001;"marcelom"
DT021019;"josevalter"
DT021020;"claudirsouza"
DT021022;"jhsoares"
DT021023;"eliasprince"
DT021024;"colivan"
DT021027;"gdrodrigues"
DT021029;"sergiovieira"
DT021031;"carmensouza"
DT021032;"malima"
DT021033;"keithhisamitsu"
DT021034;"niltonatanasio"
DT021036;"mjsoares"
DT021038;"valexandra"
DT021039;"valterhashimoto"
DT021040;"patriciadantas"
DT021041;"rgrosz"
DT021042;"markusbranco"
DT021044;"solangefett"
DT021045;"alineapereira"
DT022037;"mralmeida"
DT022039;"wasantos"
DT022053;"fabioalves"
DT022055;"smpaes"
DT022131;"hdoliveira"
DT022132;"ricardottoyo"
DT022135;"dlodi"
DT022137;"imancinelli"
DT022138;"nairacatherine"
DT022140;"azampieri"
DT022150;"jrodopano"
DT022151;"vmedici"
DT022152;"ivan"
DT022153;"davelar"
DT022154;"lpassali"
DT022156;"bpalaria"
DT022158;"vrodrigues"
DT022159;"gnomura"
DT022160;"tscalais"
DT022161;"jenifersilva"
DT022162;"gssouza"
DT022163;"ruymello"
DT022164;"fsanches"
DT022165;"llozano"
DT022251;"fernandadossantos"
DT022254;"lucaslacerda"
DT022256;"leonardotanikawa"
DT022259;"ligianovelli"
DT02225;"izabelferreira"
DT022260;"rcotrin"
DT022262;"amandarocha"
DT022263;"wsilva_pvila"
DT022264;"ademirgarcia"
DT022265;"rctoscano"
DT022266;"nmonteiro"
DT022267;"mauriciojalpendre"
DT022269;"acfilho"
DT022270;"syamachi"
DT022271;"lantonio"
DT022274;"pedrotoliveira"
DT022277;"wataliba"
DT022279;"graziellyalmeida"
DT022282;"luno_ppp"
DT022283;"mabrinstein"
DT022286;"luizfernandoleal"
DT022288;"ucodognotto_pbsb"
DT0222890;"inespedroso"
DT022289;"marciocovizzi"
DT022292;"renatocassola"
DT022295;"rolkowski"
DT022296;"gabrieloliveira"
DT022299;"marconefreitas"
DT022300;"emersonlima"
DT022704;"alexandrealencar"
DT022713;"rafaelmsilva"
DT022716;"ericojorge"
DT022732;"raullima"
DT022739;"lplacerda"
DT022740;"silas"
DT022757;"raullima"
DT023857;"rodrigohora"
DT024417;"gdarlan"
DT024485;"marcosfsilva"
DT024854;"amandalima"
DT024855;"ericsamarcos"
DT024857;"DT024857\Descontração"
DT024860;"mxavier"
DT024865;"dayannecastro"
DT025859;"rtavares"
DT025862;"armoraes"
DT14584;"marcelomartins"
DT22290;"carmensouza"
DTDF021083;"marcomelosilva"
DTDF021084;"gladstonepereira"
DTDF021085;"hsantos_pbsb"
DTDF021110;"mmatos_pbsb"
DTDF021112;"rsantos_pbsb"
DTDF021114;"lfdcosta"
DTDF021115;"hsantos_pbsb"
DTDF021117;"jpaula_pbsb"
DTDF021121;"salmeida_pbsb"
DTDF021122;"rclima_pbsb"
DTDF021123;"csouza_pbsb"
DTDF021125;"lneto_pbsb"
DTDF021129;"gassuncao_pbsb"
DTDF021130;"dpaula_pbsb"
DTDF021131;"marcelo_pbsb"
DTDF021132;"cgraciano_pbsb"
DTDF021133;"fmonteiro_pbsb"
DTDF021135;"rrodrigues_pbsb"
DTDF021136;"fgarcia_pbsb"
DTDF021138;"dcarvalho_pbsb"
DTDF021139;"marcomelosilva"
DTDF021142;"hmata_pbsb"
DTDF021145;"cferreira_pbsb"
DTDF021146;"msousa_pbsb"
DTDF021149;"afoqahaa_pbsb"
DTDF021150;"ecristina_pbsb"
DTDF021252;"sfaria_pbsb"
DTDF021254XP;"ececan"
DTDF021256;"jclemente"
DTDF021260;"jpaula_pbsb"
DTDF021261;"gladstonepereira"
DTDF021266;"andrefonseca"
DTDF021267;"secretariabsb"
DTDF021268;"tneto_pbsb"
DTDF021269;"cgraciano_pbsb"
DTDF021270;"pmacedo_pbsb"
DTDF021272;"sandrade_pbsb"
DTDF021275;"ateles_pbsb"
DTDF021284;"jcvasconcelos_pbsb"
DTDF021287;"thalitapaiva"
DTDF021288;"jclemente"
DTDF021289;"cgraciano_pbsb"
DTDF024797;"claudiofsilveira"
DTFO022721;"adsoncosta"
DTKE024100;"juliosantos"
DTKE024988;"albertog"
DTMA008270;"biancarosa"
DTMA009799;"leandrocaron"
DTMA017420;"arrosario"
DTMA018019;"dkarolak"
DTMA020387;"rbosco"
DTMA0223597;"lgdsilva"
DTMA023306;"mmorgado"
DTMA023577;"mrauski"
DTMA023578;"danielmancia"
DTMA023579;"rafaeloliveira"
DTMA023580;"vjaraujo"
DTMA023581;"andreyfelipe"
DTMA023586;"gabrielasaori"
DTMA023589;"dorivalfilho"
DTMA023593;"ejcosta"
DTMA023594;"niltonmoraes"
DTMA023595;"ericksantos"
DTMA023596;"drodrigues"
DTMA023598;"fjfigueiredo"
DTMA023600;"davidtozo"
DTMA023951;"viniciusmoraes"
DTMA023958;"Rgoulart"
DTMA023962;"andreiasantos"
DTMA023964;"camilalemes"
DTMA023965;"michelpereira"
DTMA023966;"services"
DTMA023968;"katiachiyoda"
DTMA023974;"pauloelias"
DTMA023978;"leofranco"
DTMA023990;"albertopucci"
DTMA024043;"sesilva"
DTMA024089;"brunoduarte"
DTMA024102;"eganjos"
DTMA024107;"felicianopk"
DTMA024109;"gpiedade"
DTMA024110;"eduardomendes"
DTMA024112;"mauriciorosa"
DTMA024113;"paulodembiski"
DTMA024114;"josianemoura"
DTMA024115;"leoncio"
DTMA024116;"diegocordeiro"
DTMA024118;"kenjialberto"
DTMA024121;"luizheming"
DTMA024122;"gabrielaluz"
DTMA024126;"jeremiassantos"
DTMA024128;"kpetrelli"
DTMA024132;"jacquelinemercon"
DTMA024138;"raisasmaniotto"
DTMA024141;"lmsouza"
DTMA024142;"omacioszki"
DTMA024147;"lucaseduardo"
DTMA024150;"naujalis"
DTMA024152;"julianoribeiro"
DTMA024153;"fgodoy"
DTMA024158;"fportela"
DTMA024160;"guilhermegoncalves"
DTMA024161;"mateusleichsen"
DTMA024165;"ericobattisti"
DTMA024166;"andersonmelo"
DTMA024170;"miltonjose"
DTMA024172;"lspolaore"
DTMA024175;"rodrigopereira"
DTMA024176;"dkruger"
DTMA024177;"sfeversani"
DTMA024180;"lucascordoves"
DTMA024182;"adimarnossol"
DTMA024184;"alessandrarosa"
DTMA024185;"mmorgado"
DTMA024186;"mvalle"
DTMA024187;"fabianoleite"
DTMA024188;"aclima"
DTMA024189;"fabiocurial"
DTMA024191;"wallysonrenato"
DTMA024192;"erickdavis"
DTMA024195;"thiagohsouza"
DTMA024196;"vjaraujo"
DTMA024197;"gabrielmylla"
DTMA024198;"zmateus"
DTMA024199;"sauloyassoyama"
DTMA024206;"jhonasnascimento"
DTMA024216;"services"
DTMA024217;"cdantas"
DTMA024219;"arrosario"
DTMA024221;"smoraes"
DTMA024222;"rafaeljaremtchuk"
DTMA024225;"andrehenrique"
DTMA024226;"thamirisramos"
DTMA024227;"eliasalves"
DTMA024228;"rodrigopereira"
DTMA024230;"pauloneves"
DTMA024234;"fernandocastro"
DTMA024237;"dtma024237\quiosque"
DTMA024238;"aerciomendes"
DTMA024241;"vneto"
DTMA024243;"knienkotter"
DTMA024245;"ipereira"
DTMA024255;"hmgomes"
DTMA024256;"smoraes"
DTMA024258;"rodrigococci"
DTMA024259;"naujalis"
DTMA024262;"rbulgareli"
DTMA024263;"rodrigomartins"
DTMA024264;"tjsilva"
DTMA024265;"wcararo"
DTMA024269;"afragoso"
DTMA024271;"fatherino"
DTMA024272;"petra"
DTMA024275;"antonioavenor"
DTMA024280;"eschholz"
DTMA024282;"wpcorrea"
DTMA024283;"erickrolim"
DTMA024284;"cbsouza"
DTMA024287;"rcsilveira"
DTMA024290;"dkarolak"
DTMA024291;"erossouza"
DTMA024293;"AMBorges"
DTMA024294;"douglascampos"
DTMA024295;"esrocha"
DTMA024298;"rosanacavalcante"
DTMA024299;"claudiakazue"
DTMA024300;"danielmancia"
DTMA024302;"costen"
DTMA024304;"scavalli"
DTMA024307;"mateusleichsen"
DTMA024308;"gabrielbertol"
DTMA024309;"joaofabio"
DTMA024310;"diegocordeiro"
DTMA024312;"pataki"
DTMA024320;"renanoliveira"
DTMA024324;"sscalegari"
DTMA024325;"josebohner"
DTMA024330;"jusilva"
DTMA024334;"hoelitonbevervanco"
DTMA024335;"vjaraujo"
DTMA024342;"mauriciorosa"
DTMA024346;"welopes"
DTMA024347;"gabrielmylla"
DTMA0243483;"lmsouza"
DTMA024352;"felipekuhnen"
DTMA024353;"kelyporfirio"
DTMA024354;"diegoeduardo"
DTMA024355;"mateusgarrido"
DTMA024358;"mmorgado"
DTMA024359;"marcohonisman"
DTMA024360;"danilocasassa"
DTMA024494;"czeysypataro"
DTMA024979;"adrianodib"
DTMA024982;"paulosergio"
DTMA024984;"cristiano"
DTMA024985;"rafaelwitt"
DTMA24129;"joseavelino"
DTMAPORTARIA02;"sesilva"
DTMAW932;"fvalle"
DTMAW955;"fauler"
DTMAW993;"williamborba"
DTPP017679E;"brunonicolini"
DTRJ0021278;"anamarques"
DTRJ008110;"cristianealmeida"
DTRJ008117;"patriciasantos"
DTRJ008119;"rbpsilva_fteo"
DTRJ008128;"jlello"
DTRJ008132;"joilduarte"
DTRJ008135;"jonathanfonseca"
DTRJ008136;"daviddovalle"
DTRJ008138;"adricruz"
DTRJ008143;"rodolphomelo"
DTRJ008154;"levyguimaraes"
DTRJ008162;"patriciazorzan"
DTRJ008163;"rpierre"
DTRJ012767;"fernandobritto"
DTRJ012769;"ivanwrigg"
DTRJ012770;"juparpi"
DTRJ012772;"adolfodouahy"
DTRJ012773;"hugop"
DTRJ012775;"msilva_fvargas"
DTRJ013722;"laysalves"
DTRJ013723;"nataliarosa"
DTRJ013725;"mfonseca"
DTRJ013726;"mariobruno"
DTRJ013727;"patricialucas"
DTRJ013728;"fabianamonteiro"
DTRJ013729;"gnigro"
DTRJ013732;"jtc"
DTRJ013733;"mtfontes"
DTRJ013734;"efigueiredo"
DTRJ013735;"janainacs"
DTRJ013738;"rleao"
DTRJ015201;"pedrosantiago"
DTRJ015203;"mcorrea"
DTRJ015208;"ernestogalaso@brq.com"
DTRJ015853;"augustofonseca"
DTRJ015854;"jadersilva"
DTRJ015855;"vivianyrodrigues"
DTRJ015856;"llabio"
DTRJ015858;"kamyllasouza"
DTRJ015861;"psantos"
DTRJ015867;"lucianahenriques"
DTRJ015871;"jmesquita"
DTRJ015873;"cintiacaetano"
DTRJ015874;"hugop"
DTRJ015878;"csantos"
DTRJ015882;"pfogaca"
DTRJ015884;"jquintella"
DTRJ015885;"apezzino"
DTRJ015886;"viniciussantos"
DTRJ015888;"gloriamoreira"
DTRJ016365;"marconioliveira"
DTRJ016714;"joaomarzullo"
DTRJ016715;"emirmoreira"
DTRJ016716;"mbrugni"
DTRJ016717;"mariaborges"
DTRJ016718;"nflima"
DTRJ016722;"lmendonca"
DTRJ016724;"luciaparecida"
DTRJ016728;"virginiaeich"
DTRJ016755;"luizbrito"
DTRJ016756;"hugop"
DTRJ016763;"andreasouza"
DTRJ016764;"asantiago"
DTRJ016765;"etienefarias"
DTRJ016768;"helvioperes"
DTRJ016773;"walterbahia"
DTRJ016777;"jadecsilveira"
DTRJ016779;"mmonteiro"
DTRJ016781;"rvieira_fteo"
DTRJ017044;"mjezuz"
DTRJ017047;"diogovalim"
DTRJ017401;"gizelesilva"
DTRJ017406;"thiagorodrigues"
DTRJ017415;"danilosilva"
DTRJ017421;"felipeoliveira"
DTRJ017430;"guilhermeviana"
DTRJ017676;"igorsilva"
DTRJ017680;"anamartins"
DTRJ017801E;"wallacemoraes"
DTRJ017801;"walmirrocha"
DTRJ017802E;"izabel"
DTRJ017802;"rnovaes"
DTRJ017803;"cscosta"
DTRJ017804;"eduardofigueiredo"
DTRJ017804E;"vsnascimento"
DTRJ017805E;"tomazcorrea"
DTRJ017805;"vpsouza"
DTRJ017806;"caiogreco"
DTRJ017806E;"leandrochaves"
DTRJ017807E;"murilolopes"
DTRJ017808E;"rafaelassumpcao"
DTRJ017809E;"felipeoliveira"
DTRJ017809;"thompson"
DTRJ017810;"dmarcondes"
DTRJ017810E;"gleice"
DTRJ017811;"gcampos"
DTRJ017812E;"mariobruno"
DTRJ017812;"gilmarfranca"
DTRJ017813;"dsuarez"
DTRJ017814E;"nandacardozo"
DTRJ017814;"lucassilva"
DTRJ017815;"darlancaldas"
DTRJ017815E;"mmenezes"
DTRJ017818;"priscilacardozo"
DTRJ017819;"arthurgivigir"
DTRJ017820;"eduardopaulo"
DTRJ017821;"fnicodemos"
DTRJ017822;"vsena"
DTRJ017824;"renansena"
DTRJ017825;"alexandrewrigg"
DTRJ020751;"rfreitas"
DTRJ020752;"marcosgribel"
DTRJ020753;"fquintanilha"
DTRJ020755;"rmoliveira"
DTRJ020756;"julianopereira"
DTRJ020757;"rnascimento"
DTRJ020759;"netonemer"
DTRJ020760;"cnbarbosa"
DTRJ021082;"mcardoso"
DTRJ021257;"niltongoncalves"
DTRJ021259;"amandamlima"
DTRJ024104;"jeanaquino"
DTRJ024124;"edsonsartore"
DTRJ024251;"vitorroxo"
DTRJ024399;"lucasrodrigues"
DTRJ024400;"cmagaldi"
DTRJ024422;"andreiarodrigues"
DTRJ024423;"carlosfurtado"
DTRJ024440;"alexandrecosta"
DTRJ024463;"pabloalbertbarbosa"
DTRJ024465;"marcellecaroline"
DTRJ024486;"gleiciar"
DTRJ024487;"sergioluigi"
DTRJ024492;"meryreis"
DTRJ024496;"daniellefernandes"
DTRJ024497;"pmariano"
DTRJ024498;"marcianascimento"
DTRJ024499;"michaelsantos"
DTRJ024500;"mromagnoli"
DTRJ024504;"augustomagalhaes"
DTRJ024839;"pedronjunior"
DTRJ024842;"azaluar"
DTRJ024843;"flaviosilviano"
DTRJ024844;"anakrieger"
DTRJ024845;"ppassos"
DTRJ024846;"rsampaio"
DTRJ024847;"reamco"
DTRJ024848;"ahogemann"
DTRJ025854;"tmedeiros"
DTRJ025856;"livaniosilva"
DTRJ025857;"tcruz"
DTRJ025880;"wagnerrodrigues"
DTRJ025882;"wallisonfreire"
DTRJ025883;"andregil"
DTRJ025885;"fcosta"
DTRJ025886;"cfranco"
DTRJ025887;"rdamasceno"
DTRJ025888;"alanconceicao"
DTRJ025889;"jgomes"
DTRJ025890;"jdangremon"
DTRJ025891;"dalbernaz"
DTRJ025892;"gjunior"
DTRJ025893;"edmomello"
DTRJ025894;"raulmmorais"
DTRJ025895;"gcarmo"
DTRJ025896;"giminiani"
DTRJ17813E;"hugop"
DTSP024453;"fanny"
DTSP024468;"bkenji"
HOSTMONITORCWB;"HOSTMONITORCWB\HOSTMONITOR"
MALSERVER11;"bbarreto"
MALSERVER8;"fabriotamai"
NB0017563;"apereirasilva"
NB0018071;"marisajose"
NB0018118;"istanizi"
NB0020074;"cleberrsantos"
NB0020129;"ccyrino"
NB0021065;"ericsongomes"
NB009936;"mbneto"
NB010892;"marcusgarcia"
NB010916;"josesantos"
NB011435;"cguarnelli"
NB011438;"aislandiego"
NB011440;"alvarinodias"
NB011441;"cvkoso"
NB011442;"lilian.nishimaru"
NB011445;"alexandre.moura"
NB0120060;"ccaroano"
NB012030;"chranjos"
NB012044;"pmolina"
NB012045;"acavalher"
NB012111;"amatumoto"
NB012114;"neko"
NB012130;"mmattozeiro"
NB012377;"mariangelasilva"
NB013113;"leontino.camara"
NB014270;"salmeida"
NB014513;"brsantos"
NB014530;"thiagofrugis"
NB014554;"apsoares"
NB014945;".\Administrator"
NB015704;"jmno"
NB015706;"fernanda.oliveira"
NB015710;"anaokada"
NB015712;"apssilva"
NB015713;"ttheshiki"
NB015725;"mmsantos"
NB015730;"bsmartins"
NB015733;"paulabidio"
NB015734;"sjesus"
NB015738;"dvincenzo"
NB015739;"marcos.roberto"
NB015742;"cperandin"
NB015743;"bvasconcelos"
NB015753;"thfranco"
NB015934;"a.souza"
NB015938;"smagalhaes"
NB015939;"lolympio"
NB015941;"lenilsonnascimento"
NB015942;"bpinheiro"
NB015944;"caiorapha"
NB015946;"tatianailillo"
NB015950;"nubia"
NB015951;"denise.azeka"
NB015953;"ceciliaguerra"
NB015954;"massa"
NB015965;"sroliveira"
NB015966;"danilovale"
NB015972;"jmigliorini"
NB015977;"cmartes"
NB015979;"iasilva"
NB015980;"karinavoi"
NB015985;"asoliveira"
NB015986;"emoisinho"
NB015990;"rodriguesflavio"
NB015991;"vguerrero"
NB015993;"enzoa"
NB016230;"lucasoliverx"
NB016232;"rodrigoaer"
NB016235;"anselmos"
NB016237;"bschmidt"
NB016238;"thiagolima"
NB016239;"jjsantos"
NB016248;"waoliveira"
NB016251;"diogopablo"
NB016252;"gustavomascena"
NB016253;"ssbarboza"
NB016254;"cdias"
NB016256;"valdir"
NB016258;"msouto"
NB016260;"ebakanovas"
NB016265;"ehirataka"
NB016364;"murilolopes"
NB016542E;"robertafreitas"
NB016549;"cfsilva"
NB016550;"pbanar"
NB016561E;"rluz"
NB016563;"caalves"
NB016566;"mferreirasilva"
NB016572E;"cchiarle"
NB016573E;"LSSILVA"
NB016575;"splima"
NB016576;"marcosmarcelino"
NB016577;"dpaulo"
NB016578;"mcraveiro"
NB016579E;"hairaalves"
NB016580E;"gneves"
NB016582;"mcanesin"
NB016584E;"aguerra"
NB016587;"noshiro"
NB016590;"cbertarelli"
NB016591E;"fyamaguchi"
NB016592E;"erivanramos"
NB016595;"msergio"
NB016599E;"jmaia"
NB016604;"lmarconi"
NB016606;"jpessoa"
NB016609E;"cvaz"
NB016611E;"ranierisantos"
NB016612E;"srgomes"
NB016616;"wbcosta"
NB016618;"danielmonteiro"
NB016622E;"emiyazaki"
NB016623E;"haroldoassis"
NB016625E;"rldasilva"
NB016630;"adelgado"
NB016635;"rmatos"
NB016638E;"bschmidt"
NB016639;"gustavo.belon"
NB016640;"fabiofraga"
NB016642E;"fjusto"
NB016647EX;"mjrangel"
NB016649E;"adiniz"
NB016651E;"leandroco"
NB016653E;"alexnovais"
NB016655;"williamrodrigues"
NB016665E;"heitor"
NB0166666E;"fqb"
NB016666E;"bonatti"
NB016669;"dgrangeiro"
NB016674;"rmazoni"
NB016675E;"vanessa.bonetti"
NB016678E;"jtomazpires"
NB016679;"maxalves"
NB016680E;"fabianasessa"
NB016682E;"algomes"
NB016683E;"andrade"
NB016684E;"jmontoli"
NB016687E;"lkoti"
NB016692E;"monicab"
NB016693E;"marli.alcassa"
NB016908;"leonardoxavier"
NB016913;"ismaelsouza"
NB016946;"luiza"
NB016951;"andrecastro"
NB016954;"rcgomes"
NB017063;"aantunes"
NB017064;"rcrocha"
NB017066;"rodrigoadati"
NB017068;"marilia.lopes"
NB017075;"fujiy"
NB017079;"marcoscoelho"
NB017081;"luiz.manzone"
NB017083;"ejmartins"
NB017084;"koliveira"
NB017086;"cassis"
NB017265;"gallo"
NB017267;"elvirarossi"
NB017268;"wmorais"
NB017269;"renatafirmiano"
NB017270;"giseleleite"
NB017271;"fernandacardoso"
NB017274;"ealvessantos"
NB017275;"mbenitez"
NB017276;"mmarquesjr"
NB017280;"marcosferreira"
NB017284;"tcnunes"
NB017285;"ingridlopesrufino"
NB017287;"lgrecco"
NB017291;"paulavasquez"
NB017292;"ffilsali"
NB017301;"rmaria"
NB017303;"sumeno"
NB017304;"eoliani"
NB017307;"elsousa"
NB017311;"ipanisi"
NB017314;"vanderlisantos"
NB017356;"mzampereti"
NB017358;"ibootz"
NB017359;"anovaes"
NB017397;"pfelippe"
NB017521;"brunaoliveira"
NB017550;"fabio.soares"
NB017558;"pguedes"
NB017559;"sbarros"
NB017561;"lbardelli"
NB017562;"luizhenriquesilva"
NB017568;"esilvarocha"
NB017571;"mauricio.santos"
NB017572;"jcapelli"
NB017741;"vivianereis"
NB017855;"arsilveira"
NB017857;"jabreu"
NB017859;"danielagomes"
NB017860E;"rgenaio"
NB017862;"laraki"
NB017864;"icamilo"
NB017866E;"lucascaran"
NB017867E;"jmaurus"
NB017868E;"cristianegaia"
NB017870E;"cpoletti"
NB017872;"josealbernaz"
NB017875E;"jhaddad"
NB017887;"igorfreire"
NB018017;"malima"
NB018048E;"carlossaraiva"
NB018050E;"caugusto"
NB018051;"dpedro"
NB018052E;"alvimar"
NB018054;"andrea"
NB018056;"fohana"
NB018058;"lnsilva"
NB018063E;"jmagostinho"
NB018064E;"ivancsouza"
NB018072E;"mameliarossi"
NB018073;"emilesilva"
NB018077E;"mfontolan"
NB018079;"danielmazzali"
NB018080E;"carlosaltran"
NB018084E;"eroza"
NB018087E;"jstabelini"
NB018089;"pmassarente"
NB018090E;"hsaldon"
NB018093E;"joalves"
NB018094E;"tbottari"
NB018096E;"vivianbelizario"
NB018097E;"vramos"
NB018103E;"ecaetano"
NB018106E;"mpjunior"
NB018107E;"mjsilveira"
NB018108;"maragon"
NB018109E;"ljones"
NB018110E;"crcosta"
NB018111;"thonorato"
NB018112E;"igoncalves"
NB018115E;"ibritto"
NB018116;"rloliveira"
NB018117E;"jhono"
NB018119;"hprado"
NB018121E;"vanessaalves"
NB018122E;"frizzi"
NB018123E;"elizeug"
NB018125E;"lasantos"
NB018126E;"lgarcia"
NB018127E;"radleygustavo"
NB018128;"fernando"
NB018130;"tayada"
NB018131E;"mlsouza"
NB018132E;"ricardoisoyama"
NB018133E;"cyukie"
NB018134E;"telejunior"
NB018136E;"nodria"
NB018137E;"flaviopetreca"
NB018138E;"csjunior"
NB018143E;"orion"
NB018144E;"rmsilva"
NB018148;"joseroberto"
NB018149;"dvnascimento"
NB018154;"edilsondiasalves"
NB018156;"rooseveltsjunior"
NB018157;"luizegger"
NB018158E;"eliasprince"
NB018163E;"marciarodrigues"
NB018165E;"crabuske"
NB018166;"fscosta"
NB018167;"ryokota"
NB018171E;"andrefpinheiro"
NB018172E;"gmatos"
NB018174;"lmarcondes"
NB018175;"marciowendel"
NB018176E;"camillaaraujo"
NB018177E;"ftakao"
NB018179;"fabiomamede"
NB018182;"tanselmo"
NB018187E;"rafaeldotti"
NB018188;"pccarvalho"
NB018190E;"c.monteiro"
NB018191E;"mcastroferreira"
NB018196E;"rcatarina"
NB018197E;"ligia"
NB018198E;"csalmeida"
NB018370;"dassis"
NB018373;"mayaranobrega"
NB018374;"camilagualberto"
NB018382;"joliveira"
NB018384;"adriano.giotti"
NB019625;"loda"
NB019634;"carlossouza"
NB019765;"gvtorre"
NB019766;"rferraz"
NB019768;"fsuzuki"
NB019771;"fbsantos"
NB019772;"rruiz"
NB019775;"cschettini"
NB019777;"rpadua"
NB019781;"airtonmjunior"
NB019783;"frribeiro"
NB019784;"tmfreire"
NB019786;"rodrigoarruda"
NB019788;"sbugy"
NB019789;"alinealmeida"
NB019794;"aferreirasilva"
NB019796;"tsteiner"
NB019798;"mpaganini"
NB019799;"psiton"
NB019800;"rhribeiro"
NB020054;"javierelizondo"
NB020055;"luizmarcelo"
NB020058;"rtsantos"
NB020059;"lprates"
NB020067;"tanselmo"
NB020072;"viviane.bueno"
NB020077;"pamelasilvarodrigues"
NB020078;"marcelogilardino"
NB020083;"jomiranda"
NB020084;"jolivieri"
NB020086;"aapinheiro"
NB020088;"mrtavares"
NB020091;"fasilva"
NB020098;"valdecigsouza"
NB020100;"ctmendes_fvila"
NB020102;"jgoliveira"
NB020103;"abenavides"
NB020104;"rfigueredosantos"
NB020108;"rodrigobarros"
NB020111;"dfnascimento"
NB020114;"edsonlucindo"
NB020118;"lcobo"
NB020121;"cdazevedo"
NB020124;"sergiooliveira"
NB020130;"lfreire"
NB020135;"danielribeiro"
NB020136;"leandro.soares"
NB020148;"andrewaldvogel"
NB020151;"fernando"
NB020152;"nb020152\brq"
NB020154;"gleonel"
NB020155;"victorsilva"
NB020156;"marai"
NB020163;"erikalsantos"
NB020166;"levycandido"
NB020168;"iribeiro"
NB020170;"rasouza"
NB020173;"nmonteiro"
NB020174;"avjunior"
NB020183;"cdazevedo"
NB020184;"eabarros"
NB020185;"mtamachiro"
NB020187;"adrianoviegas"
NB020188;"adrianosouza"
NB020192;"cidarsantos"
NB021015;"cjribeiro"
NB021059;"mauriziobs"
NB021060;"vinicius.tadeu"
NB021061;"gmichelini"
NB021062;"paulorsilva"
NB021064;"rodrigo.baratta"
NB021066;"amoschim"
NB021067;"arbori"
NB021086;"mabsouza"
NB021485;"lfsilva"
NB022001;"juliokramer"
NB022002;"cristianemello"
NB022007;"lmagalhaes"
NB022010;"emjunior"
NB022011;"gnomura"
NB022012;"luizholiveira"
NB022017;"cgsantos"
NB022018;"lpessini"
NB022020;"mthomazinho"
NB022024;"danielbianco"
NB022025;"fabianoprazeres"
NB022028;"katiarodrigues"
NB022031;"etanaka"
NB022032;"pimakawa"
NB022033;"cbrunelli"
NB022075;"fernandomauricio"
NB022076;"rdamici"
NB022079;"annipsantos"
NB022080;"fabiomarques"
NB022081;"liliamchu"
NB022082;"msalvador"
NB022087;"alexandregarcia"
NB022088;"wellingtonsouza"
NB022089;"rodrigopsilva"
NB022090;"smanzuti"
NB022091;"ehungaro"
NB022093;"rtsantos"
NB022096;"pbonelli"
NB022099;"mmcsilva"
NB022101;"carlosjuliao"
NB022103;"daniellepapp"
NB022105;"frarmas"
NB022106;"luanaazevedo"
NB022107;"scortez"
NB022108;"rsekine"
NB022109;"pdomingues"
NB022112;"felipemagalhaes"
NB022113;"wmjunior"
NB022114;"ddpereira"
NB022115;"ksilva"
NB022118;"cesarzapata"
NB022120;"JulianaGieseke"
NB022124;"willianalfeu"
NB022126;"nubia"
NB022128;"rogerdiniz"
NB022129;"mgiordani"
NB022169;"flavia.novaes"
NB022170;"rafonso"
NB022172;"douglasralencar"
NB022177;"adrianaquevedo"
NB022179;"alanoliveira"
NB022180;"viniciusmartins"
NB022182;"mwatanabe"
NB022184;"leviantunes"
NB022188;"rtorre"
NB022216;"dmacedo"
NB022217;"josebamorim"
NB022219;"prandrade"
NB022226;"elianeferroni"
NB022229;"priscilazamprogno"
NB022233;"spontes"
NB022234;"veronicazazula"
NB022237;"isapanjos"
NB022239;"marcelocarvalho"
NB022240;"danielpereira"
NB022241;"luizfranca"
NB022244;"adilsonjr"
NB022245;"smassa"
NB022246;"dzambon"
NB022247;"afonsocervellini"
NB022249;"valterlima"
NB022250;"pmaraujo"
NB022272;"caiogregorio"
NB022473;"acaldas"
NB023603;"cfrederici"
NB023604;"thiagofrugis"
NB023605;"ronaldomartins"
NB023606;"pcardoso"
NB023607;"vvigati"
NB023609;"brunovsilva"
NB023611;"tnovaes"
NB023614;"mcobo"
NB023619;"scordova"
NB023623;"ale"
NB023626;"cmoretti"
NB023627;"andregenari"
NB023631;"latanza"
NB023632;"aportela"
NB023639;"nmdantas"
NB023640;"pimakawa"
NB023641;"avaleriano"
NB023649;"lucasmiranda"
NB023650;"l.ferreira"
NB023654;"gloria"
NB023656;"jdamasceno"
NB023658;"lfigueira"
NB023659;"lcampana"
NB023660;"priscillagermano"
NB023668;"veronicabarreto"
NB023669;"frsilva"
NB023677;"joaquimnunes"
NB023678;"mccarneiro"
NB023682;"sergiogoncalves"
NB023684;"toninho"
NB023689;"wanderdomingues"
NB023690;"rarantes"
NB023701;"aconsolaro"
NB023702;"flcruz"
NB023703;"thiagoito"
NB023704;"ricardonunes"
NB023711;"jose.roberto"
NB023712;"mrodriguessilva"
NB023720;"mslima"
NB023721;"camilo"
NB023759;"econtessotto"
NB023766;"hugomartinez"
NB023767;"ecfreitas"
NB023768;"jenifersilva"
NB023769;"fabiomedonca"
NB023770;"reuclides"
NB023771;"brunogomes"
NB023772;"ajfjunior"
NB023773;"reynaldocosta"
NB023782;"rosilva"
NB023783;"vmunhoz"
NB023784;"dmacedo"
NB023785;"abrizzi"
NB023787;"lapuglisi"
NB023792;"edleson"
NB023794;"rdonaire"
NB023795;"evandromillian"
NB023800;"rmaedo"
NB023801;"cpires"
NB023802;"fernandonascimento"
NB023804;"marcelom"
NB023808;"mauriciojalpendre"
NB023809;"afmendes"
NB023811;"iomar"
NB023812;"alprado"
NB023813;"Argomes"
NB023826;"wferrara"
NB023852;"rbmendes"
NB023855;"arbori"
NB024392;"amandadaros"
NB024515;"janekelly"
NB024852;"glaubersilva"
NB024856;"lplacerda"
NB025878;"fmribeiro"
NB16644E;"msanturian"
NB16959;"snovaes"
NB22175;"marciawolff"
NB22186;"pimentelvieira"
NB23615;"suelenbatista"
NB23653;"asantos"
NBDF019579;"pmacedo_pbsb"
NBKE019627;"mfernandes"
NBKE022483;"lcalvo"
NBKE024820;"wsantiago"
NBMA016732;"julianoribeiro"
NBMA016733E;"cgcamargo"
NBMA016741E;"scavalli"
NBMA016907;"dparvas"
NBMA018348;"mariliaoliveira"
NBMA020388;"jaquelinetoliveira"
NBMA020389;"pialmeida"
NBMA020391;"bbarreto"
NBMA020393;"gnicoleli"
NBMA020396;"fperencin"
NBMA022482;"ronybrugnolo"
NBMA024796;"lucilenedias"
NBMA024800;"melena"
NBMA024801;"pmiranda"
NBMA024802;"vprodocimo"
NBMA024808;"cosantos"
NBMA024814;"vtiboni"
NBMA024827;"almicci"
NBMADMENNA;"dmenna"
NBMAO16743E;"sfeversani"
NBPP023671;"dplima"
NBRJ013489;"giovannitrotta"
NBRJ014266;"alexandrevenancio"
NBRJ014274;"edsonsartore"
NBRJ014563;"sergiosilva"
NBRJ015760;"andersonas"
NBRJ015936;"wfarias"
NBRJ016262;"julianaguimaraes"
NBRJ016267;"vanessamoraes"
NBRJ016351;"fred"
NBRJ016352;"mbritto"
NBRJ016353;"jksilva"
NBRJ016355;"rbleckmann"
NBRJ016357;"rbernardo"
NBRJ016358;"thaissa"
NBRJ016361;"rpedrosa"
NBRJ016725;"msroberto"
NBRJ016868;"sandraalmeida"
NBRJ016911;"apezzino"
NBRJ016937;"elisabete"
NBRJ016940;"pthiner"
NBRJ016942;"prfernandes"
NBRJ016948;"luizbrito"
NBRJ016950;"vamorim"
NBRJ016957;"vtsilva"
NBRJ016958;"jmarins"
NBRJ016960;"cmazzini"
NBRJ017019E;"bergsonlopes"
NBRJ017056;"mvianna"
NBRJ017059;"assiscezar"
NBRJ017062;"rafaelmedeiros"
NBRJ017591;"lucianoseabra"
NBRJ017657;"diogosouza"
NBRJ017658E;"mgsouza"
NBRJ017660;"ricardocouto"
NBRJ017663E;"vbezerra"
NBRJ017858;"clage"
NBRJ017861;"cpinheiro"
NBRJ017866;"juarezsilva"
NBRJ017871;"pcaldeira"
NBRJ017873;"natanoliveira"
NBRJ017875;"smsilva"
NBRJ017882;"rpizao"
NBRJ018061;"jlello"
NBRJ018070;"jbusch"
NBRJ018073;"thiagoribeiro"
NBRJ018078;"flaviamacedo"
NBRJ018083;"lgfranco"
NBRJ018376;"albertosantos"
NBRJ019568;"denislopes"
NBRJ019570;"rafaelalmeida"
NBRJ019574;"vfraga"
NBRJ019575;"lgsilva"
NBRJ019576;"rodolphomelo"
NBRJ019629;"ncosta"
NBRJ019630;"mpaschoal"
NBRJ019633;"jguilherme"
NBRJ019638;"waltermuniz"
NBRJ019649;"monica"
NBRJ019682J;"andreafrazao"
NBRJ019686;"vcastro"
NBRJ019687;"lucasfreitas"
NBRJ019688;"vbezerra"
NBRJ019689;"marcosgarcia"
NBRJ019690;"amcunha"
NBRJ019691;"leandrotavares"
NBRJ020116;"vvellozo"
NBRJ020762;"dacarvalho"
NBRJ020763;"gabrielbittencourt"
NBRJ020766;"mmattozeiro"
NBRJ020768;"eprata"
NBRJ020770;"JOAOARAUJO"
NBRJ022004;"daniellerego"
NBRJ022472;"mauriliosavo"
NBRJ022474;"vanessafigueira"
NBRJ022475;"ctausz"
NBRJ022477;"pascoal"
NBRJ022485;"simonegomes"
NBRJ022490;"pmatta"
NBRJ024755;"ksantos"
NBRJ024756;"mmenezes"
NBRJ024757;"rferrao"
NBRJ024830;"claytonoliveira"
NBRJ024831;"rafaellacerda"
NBRJ024832;"cfelicio"
NBRJ024833;"gilbertomanhaes"
NBRJ024836;"efigueiredo"
NBRJ024838;"eduardosousa"
NBRJ025849;"gcmendes"
NBRJ025850;"gribeiro"
NBRJ025898;"sebastiaomoraes"
NBRJ025900;"guilhermeassis"
NBRJ025902;"rcarvalho"
NBRJ025903;"christianeeneas"
NBRJ025906;"deborawerner"
NBRJ026203;"sergiopereira"
NBRJ026206;"tamiriscanejo"
ND018044;"mhcampos"
NT016601E;"octavioborghi"
NT018151E;"marcoantonio"
NT018233;"lalguin"
NT018241;"rsoledade"
NT020125;"aespindola"
NT020128;"ksimoes"
NT020132;"aandrejauskas"
NT020134;"cardeal"
NT020139;"pssouza"
NT020140;"ensilva"
NT020144;"arnaldojunior"
NT020159;"ecoelhoso"
NT022220;"deborabarbosa"
NTDF016656-PC;"andrefonseca"
PEA3440;"diogocamargo"
RECSERVER4;"glaubersilva"
RJSERVER136;"rafaelalmeida"
RJSERVER162;"jksilva"
RJSERVER3;"RJSERVER3\vcenterrj"
RJSERVER89;"clsouza"
RJSRVSAPD155;"sqlservice"
RJSRVSAPQA190;"sqlservice"
RJSRVSAPQA226;"sqlservice"
RJSRVSAPQD227;"sqlservice"
SAPPROD1;"sqlservice"
SRV1042;"SRV1042\Administrador"
SRV13727;"SRV13727\Administrator"
SRV1437;"SRV1437\infra"
SRV14617;"mjezuz"
SRV1496;"TEMPLATE-WIN-2K\Administrator"
SRV1497;"TEMPLATE-WIN-2K\Administrator"
VCENTERBV2;".\Administrator"
VCENTERSP;"VCENTERSP\hmlocal"
VMGVT01;"vmgvt01\brq"
VMSANEPAR01;"VMSANEPAR01\Administrador"
WSUSPROD207REC;"glaubersilva"
