Borland CaliberRM,10.2.42.100
Borland CaliberRM,10.2.42.110
Borland CaliberRM,10.2.42.119
Borland CaliberRM,10.2.42.187
Borland CaliberRM,10.2.42.195
Borland CaliberRM,10.2.42.224
Borland CaliberRM,10.2.42.228
Borland CaliberRM,10.2.42.241
Borland CaliberRM,10.2.42.253
Borland CaliberRM,10.2.42.3
Borland CaliberRM,10.2.42.32
Borland CaliberRM,10.2.42.42
Borland CaliberRM,10.2.42.45
Borland CaliberRM,10.2.42.46
Borland CaliberRM,10.2.42.49
Borland CaliberRM,10.2.42.55
Borland CaliberRM,10.2.42.64
Borland CaliberRM,10.2.42.88
Borland CaliberRM,10.2.43.101
Borland CaliberRM,10.2.43.115
Borland CaliberRM,10.2.43.119
Borland CaliberRM,10.2.43.159
Borland CaliberRM,10.2.43.17
Borland CaliberRM,10.2.43.170
Borland CaliberRM,10.2.43.180
Borland CaliberRM,10.2.43.193
Borland CaliberRM,10.2.43.218
Borland CaliberRM,10.2.43.228
Borland CaliberRM,10.2.43.230
Borland CaliberRM,10.2.43.235
Borland CaliberRM,10.2.43.240
Borland CaliberRM,10.2.43.245
Borland CaliberRM,10.2.43.53
Borland CaliberRM,10.2.43.99
Borland CaliberRM,10.2.44.114
Borland CaliberRM,10.2.44.158
Borland CaliberRM,10.2.44.160
Borland CaliberRM,10.2.44.168
Borland CaliberRM,10.2.44.170
Borland CaliberRM,10.2.44.193
Borland CaliberRM,10.2.44.195
Borland CaliberRM,10.2.44.196
Borland CaliberRM,10.2.44.210
Borland CaliberRM,10.2.44.224
Borland CaliberRM,10.2.44.250
Borland CaliberRM,10.2.44.253
Borland CaliberRM,10.2.44.254
Borland CaliberRM,10.2.44.54
Borland CaliberRM,10.2.44.63
Borland CaliberRM,10.2.44.93
Borland CaliberRM,10.2.45.13
Borland CaliberRM,10.2.45.139
Borland CaliberRM,10.2.45.183
Borland CaliberRM,10.2.45.20
Borland CaliberRM,10.2.45.201
Borland CaliberRM,10.2.45.244
Borland CaliberRM,10.2.45.27
Borland CaliberRM,10.2.45.36
Borland CaliberRM,10.2.45.50
Borland CaliberRM,10.2.45.6
Borland CaliberRM,10.2.45.69
Borland CaliberRM,10.2.45.7
Borland CaliberRM,10.2.45.74
Borland CaliberRM,10.2.45.86
Borland CaliberRM,10.2.66.15
Borland CaliberRM,10.2.67.155
Borland CaliberRM,10.2.68.177
Borland CaliberRM,10.2.68.182
Borland CaliberRM,10.2.68.38
Borland CaliberRM,10.2.68.9
Borland CaliberRM,10.2.69.28
Borland CaliberRM,10.2.70.204
Borland CaliberRM,10.2.71.116
Borland CaliberRM,10.2.74.31
Borland Delphi,10.22.25.225
Borland Delphi,10.22.28.115
Borland Delphi,10.22.28.131
Borland Delphi,10.22.28.143
Borland Delphi,10.22.28.146
Borland Delphi,10.22.28.147
Borland Delphi,10.22.28.148
Borland Delphi,10.22.28.181
Borland Delphi,10.22.28.185
Borland Delphi,10.22.28.20
Borland Delphi,10.22.28.22
Borland Delphi,10.22.28.3
Borland Delphi,10.22.28.36
Borland Delphi,10.22.28.40
Borland Delphi,10.22.28.43
Borland Delphi,10.22.28.44
Borland Delphi,10.22.28.47
Borland Delphi,10.22.28.48
Borland Delphi,10.22.28.50
Borland Delphi,10.22.28.51
Borland Delphi,10.22.28.52
Borland Delphi,10.22.28.53
Borland Delphi,10.22.28.67
Borland Delphi,10.22.28.76
Borland Delphi,10.22.28.80
Borland Delphi,10.22.28.83
Borland Delphi,10.22.28.86
Borland Delphi,10.22.28.89
Borland Delphi,10.22.28.93
Borland Delphi,10.22.29.2
Borland Delphi,10.22.30.132
Borland Delphi,10.22.30.143
Borland Delphi,10.22.30.202
Borland Delphi,10.22.31.180
Borland Delphi,10.22.31.198
Borland Delphi,10.22.31.199
Borland Delphi,10.22.31.208
Borland Delphi,10.2.67.96
Borland Delphi,10.2.68.10
Borland Delphi,10.2.69.151
Borland Delphi,10.2.74.174
Borland Delphi,10.2.74.193
Borland Delphi,10.2.74.201
Borland Delphi,10.2.74.51
Borland Delphi,10.2.74.52
Borland Delphi,10.2.74.54
Borland Delphi,10.2.74.88
Borland Delphi,10.2.75.164
Borland Delphi,10.2.75.232
Borland Delphi,10.2.76.14
Borland Delphi,10.2.76.159
Borland Delphi,10.2.76.39
Borland Delphi,10.2.76.58
Borland Delphi,10.2.76.97
Borland Delphi,10.2.77.224
Borland Delphi,10.2.77.240
Borland Delphi,10.2.77.255
Crystal Report,10.2.100.59
Crystal Report,10.2.100.74
Crystal Report,10.2.100.87
Crystal Report,10.2.10.125
Crystal Report,10.2.10.131
Crystal Report,10.2.10.134
Crystal Report,10.2.10.156
Crystal Report,10.2.10.16
Crystal Report,10.2.10.163
Crystal Report,10.2.101.63
Crystal Report,10.2.101.64
Crystal Report,10.2.10.184
Crystal Report,10.2.101.92
Crystal Report,10.2.10.208
Crystal Report,10.2.102.113
Crystal Report,10.2.102.115
Crystal Report,10.2.10.214
Crystal Report,10.2.102.228
Crystal Report,10.2.10.228
Crystal Report,10.2.10.25
Crystal Report,10.2.102.63
Crystal Report,10.2.103.140
Crystal Report,10.2.103.156
Crystal Report,10.2.10.36
Crystal Report,10.2.10.80
Crystal Report,10.2.10.9
Crystal Report,10.2.11.105
Crystal Report,10.2.11.112
Crystal Report,10.2.11.147
Crystal Report,10.2.11.171
Crystal Report,10.2.11.196
Crystal Report,10.2.11.221
Crystal Report,10.2.1.142
Crystal Report,10.2.11.58
Crystal Report,10.2.11.77
Crystal Report,10.2.11.85
Crystal Report,10.2.11.90
Crystal Report,10.2.12.0
Crystal Report,10.2.12.112
Crystal Report,10.2.12.121
Crystal Report,10.2.12.188
Crystal Report,10.2.12.36
Crystal Report,10.2.1.242
Crystal Report,10.2.12.63
Crystal Report,10.2.13.160
Crystal Report,10.2.13.98
Crystal Report,10.2.14.65
Crystal Report,10.2.17.183
Crystal Report,10.2.17.225
Crystal Report,10.22.25.206
Crystal Report,10.22.25.245
Crystal Report,10.22.28.115
Crystal Report,10.22.28.131
Crystal Report,10.22.28.143
Crystal Report,10.22.28.146
Crystal Report,10.22.28.147
Crystal Report,10.22.28.148
Crystal Report,10.22.28.181
Crystal Report,10.22.28.185
Crystal Report,10.22.28.20
Crystal Report,10.22.28.22
Crystal Report,10.22.28.3
Crystal Report,10.22.28.36
Crystal Report,10.22.28.40
Crystal Report,10.22.28.43
Crystal Report,10.22.28.44
Crystal Report,10.22.28.47
Crystal Report,10.22.28.48
Crystal Report,10.22.28.50
Crystal Report,10.22.28.51
Crystal Report,10.22.28.52
Crystal Report,10.22.28.53
Crystal Report,10.22.28.67
Crystal Report,10.22.28.76
Crystal Report,10.22.28.80
Crystal Report,10.22.28.83
Crystal Report,10.22.28.86
Crystal Report,10.22.28.89
Crystal Report,10.22.28.93
Crystal Report,10.22.29.2
Crystal Report,10.22.30.132
Crystal Report,10.22.30.202
Crystal Report,10.22.31.180
Crystal Report,10.22.31.198
Crystal Report,10.22.31.199
Crystal Report,10.22.31.208
Crystal Report,10.2.42.125
Crystal Report,10.2.42.221
Crystal Report,10.2.42.31
Crystal Report,10.2.43.180
Crystal Report,10.2.44.158
Crystal Report,10.2.45.13
Crystal Report,10.2.45.6
Crystal Report,10.2.52.10
Crystal Report,10.2.52.29
Crystal Report,10.2.52.38
Crystal Report,10.2.66.122
Crystal Report,10.2.66.142
Crystal Report,10.2.66.148
Crystal Report,10.2.66.189
Crystal Report,10.2.66.191
Crystal Report,10.2.66.215
Crystal Report,10.2.66.24
Crystal Report,10.2.66.242
Crystal Report,10.2.66.246
Crystal Report,10.2.66.31
Crystal Report,10.2.66.8
Crystal Report,10.2.66.89
Crystal Report,10.2.67.106
Crystal Report,10.2.67.124
Crystal Report,10.2.67.140
Crystal Report,10.2.67.143
Crystal Report,10.2.67.155
Crystal Report,10.2.67.185
Crystal Report,10.2.67.198
Crystal Report,10.2.67.210
Crystal Report,10.2.67.220
Crystal Report,10.2.67.221
Crystal Report,10.2.67.23
Crystal Report,10.2.67.249
Crystal Report,10.2.67.32
Crystal Report,10.2.67.34
Crystal Report,10.2.67.35
Crystal Report,10.2.67.76
Crystal Report,10.2.67.94
Crystal Report,10.2.67.99
Crystal Report,10.2.68.110
Crystal Report,10.2.68.149
Crystal Report,10.2.68.153
Crystal Report,10.2.68.165
Crystal Report,10.2.68.175
Crystal Report,10.2.68.187
Crystal Report,10.2.68.229
Crystal Report,10.2.68.237
Crystal Report,10.2.68.240
Crystal Report,10.2.68.242
Crystal Report,10.2.68.249
Crystal Report,10.2.68.62
Crystal Report,10.2.68.63
Crystal Report,10.2.68.85
Crystal Report,10.2.68.90
Crystal Report,10.2.68.92
Crystal Report,10.2.69.10
Crystal Report,10.2.69.133
Crystal Report,10.2.69.157
Crystal Report,10.2.69.198
Crystal Report,10.2.69.212
Crystal Report,10.2.69.28
Crystal Report,10.2.69.7
Crystal Report,10.2.69.81
Crystal Report,10.2.70.13
Crystal Report,10.2.70.135
Crystal Report,10.2.70.141
Crystal Report,10.2.70.150
Crystal Report,10.2.70.165
Crystal Report,10.2.70.167
Crystal Report,10.2.70.189
Crystal Report,10.2.70.197
Crystal Report,10.2.70.222
Crystal Report,10.2.70.240
Crystal Report,10.2.70.247
Crystal Report,10.2.70.5
Crystal Report,10.2.70.62
Crystal Report,10.2.70.85
Crystal Report,10.2.70.94
Crystal Report,10.2.71.112
Crystal Report,10.2.71.14
Crystal Report,10.2.71.174
Crystal Report,10.2.71.42
Crystal Report,10.2.71.57
Crystal Report,10.2.71.67
Crystal Report,10.2.71.97
Crystal Report,10.2.74.174
Crystal Report,10.2.74.193
Crystal Report,10.2.74.52
Crystal Report,10.2.74.54
Crystal Report,10.2.75.101
Crystal Report,10.2.75.232
Crystal Report,10.2.76.14
Crystal Report,10.2.76.39
Crystal Report,10.2.76.58
Crystal Report,10.2.77.240
Crystal Report,10.2.8.205
Crystal Report,10.2.8.30
Crystal Report,10.2.8.68
Crystal Report,10.2.9.124
Crystal Report,10.2.9.145
Crystal Report,10.2.9.19
Crystal Report,10.2.9.40
Crystal Report,10.2.9.76
Crystal Report,10.2.9.79
Crystal Report,10.2.9.87
IBM Rational,10.2.100.155
IBM Rational,10.2.100.222
IBM Rational,10.2.100.28
IBM Rational,10.2.100.59
IBM Rational,10.2.100.66
IBM Rational,10.2.101.100
IBM Rational,10.2.10.209
IBM Rational,10.2.10.22
IBM Rational,10.2.103.29
IBM Rational,10.22.28.148
IBM Rational,10.22.28.20
IBM Rational,10.22.28.48
IBM Rational,10.22.28.76
IBM Rational,10.22.30.132
IBM Rational,10.2.42.119
IBM Rational,10.2.42.157
IBM Rational,10.2.42.187
IBM Rational,10.2.42.195
IBM Rational,10.2.42.46
IBM Rational,10.2.42.87
IBM Rational,10.2.42.88
IBM Rational,10.2.43.179
IBM Rational,10.2.43.235
IBM Rational,10.2.44.160
IBM Rational,10.2.44.170
IBM Rational,10.2.44.253
IBM Rational,10.2.44.254
IBM Rational,10.2.45.198
IBM Rational,10.2.45.20
IBM Rational,10.2.45.27
IBM Rational,10.2.45.36
IBM Rational,10.2.45.50
IBM Rational,10.2.45.74
IBM Rational,10.2.52.10
IBM Rational,10.2.52.27
IBM Rational,10.2.52.31
IBM Rational,10.2.52.9
IBM Rational,10.2.66.122
IBM Rational,10.2.66.242
IBM Rational,10.2.68.141
IBM Rational,10.2.68.82
IBM Rational,10.2.68.9
IBM Rational,10.2.69.28
IBM Rational,10.2.70.20
IBM Rational,10.2.70.204
IBM Rational,10.2.70.48
IBM Rational,10.2.70.83
IBM Rational,10.2.71.76
IBM Rational,10.2.74.52
IBM Rational,10.2.75.104
IBM Rational,10.2.75.137
IBM Rational,10.2.9.129
IBM Rational,10.2.9.145
IBM Rational,10.2.9.40
MetaFrame,10.2.100.115
MetaFrame,10.2.100.130
MetaFrame,10.2.100.133
MetaFrame,10.2.100.143
MetaFrame,10.2.100.151
MetaFrame,10.2.100.174
MetaFrame,10.2.100.176
MetaFrame,10.2.100.18
MetaFrame,10.2.100.185
MetaFrame,10.2.100.191
MetaFrame,10.2.100.209
MetaFrame,10.2.100.234
MetaFrame,10.2.100.246
MetaFrame,10.2.100.41
MetaFrame,10.2.100.50
MetaFrame,10.2.100.59
MetaFrame,10.2.100.65
MetaFrame,10.2.100.66
MetaFrame,10.2.100.69
MetaFrame,10.2.100.80
MetaFrame,10.2.100.81
MetaFrame,10.2.100.85
MetaFrame,10.2.100.87
MetaFrame,10.2.100.88
MetaFrame,10.2.100.95
MetaFrame,10.2.100.97
MetaFrame,10.2.101.108
MetaFrame,10.2.101.138
MetaFrame,10.2.101.151
MetaFrame,10.2.101.174
MetaFrame,10.2.101.181
MetaFrame,10.2.101.217
MetaFrame,10.2.101.241
MetaFrame,10.2.101.64
MetaFrame,10.2.102.116
MetaFrame,10.2.102.134
MetaFrame,10.2.102.152
MetaFrame,10.2.102.158
MetaFrame,10.2.102.167
MetaFrame,10.2.102.174
MetaFrame,10.2.102.222
MetaFrame,10.2.102.236
MetaFrame,10.2.102.32
MetaFrame,10.2.102.63
MetaFrame,10.2.102.81
MetaFrame,10.2.102.95
MetaFrame,10.2.103.105
MetaFrame,10.2.103.143
MetaFrame,10.2.103.159
MetaFrame,10.2.103.179
MetaFrame,10.2.103.18
MetaFrame,10.2.103.181
MetaFrame,10.2.103.26
MetaFrame,10.2.103.52
MetaFrame,10.2.103.58
MetaFrame,10.2.103.70
MetaFrame,10.2.103.71
MetaFrame,10.2.103.73
MetaFrame,10.2.103.98
MetaFrame,10.2.12.77
MetaFrame,10.2.52.27
MetaFrame,10.2.52.31
MetaFrame,10.2.52.37
MetaFrame,10.2.52.38
MetaFrame,10.2.52.40
MetaFrame,10.2.9.129
MicroFocus Cobol,10.2.10.173
MicroFocus Cobol,10.2.12.134
MicroFocus Cobol,10.2.12.77
MicroFocus Cobol,10.2.13.74
MicroFocus Cobol,10.2.42.110
MicroFocus Cobol,10.2.42.135
MicroFocus Cobol,10.2.42.228
MicroFocus Cobol,10.2.42.253
MicroFocus Cobol,10.2.42.42
MicroFocus Cobol,10.2.42.46
MicroFocus Cobol,10.2.42.49
MicroFocus Cobol,10.2.42.55
MicroFocus Cobol,10.2.42.87
MicroFocus Cobol,10.2.43.115
MicroFocus Cobol,10.2.43.159
MicroFocus Cobol,10.2.43.17
MicroFocus Cobol,10.2.43.170
MicroFocus Cobol,10.2.43.228
MicroFocus Cobol,10.2.43.239
MicroFocus Cobol,10.2.43.240
MicroFocus Cobol,10.2.43.245
MicroFocus Cobol,10.2.44.114
MicroFocus Cobol,10.2.44.160
MicroFocus Cobol,10.2.44.196
MicroFocus Cobol,10.2.44.93
MicroFocus Cobol,10.2.45.198
MicroFocus Cobol,10.2.45.20
MicroFocus Cobol,10.2.45.27
MicroFocus Cobol,10.2.45.69
MicroFocus Cobol,10.2.45.74
MicroFocus Cobol,10.2.66.15
MicroFocus Cobol,10.2.66.189
MicroFocus Cobol,10.2.66.246
MicroFocus Cobol,10.2.66.67
MicroFocus Cobol,10.2.66.8
MicroFocus Cobol,10.2.67.32
MicroFocus Cobol,10.2.67.94
MicroFocus Cobol,10.2.68.11
MicroFocus Cobol,10.2.68.14
MicroFocus Cobol,10.2.68.149
MicroFocus Cobol,10.2.68.177
MicroFocus Cobol,10.2.68.182
MicroFocus Cobol,10.2.68.38
MicroFocus Cobol,10.2.68.46
MicroFocus Cobol,10.2.69.11
MicroFocus Cobol,10.2.69.198
MicroFocus Cobol,10.2.69.221
MicroFocus Cobol,10.2.69.28
MicroFocus Cobol,10.2.69.81
MicroFocus Cobol,10.2.69.89
MicroFocus Cobol,10.2.69.92
MicroFocus Cobol,10.2.69.98
MicroFocus Cobol,10.2.70.130
MicroFocus Cobol,10.2.70.157
MicroFocus Cobol,10.2.70.179
MicroFocus Cobol,10.2.70.194
MicroFocus Cobol,10.2.70.197
MicroFocus Cobol,10.2.70.23
MicroFocus Cobol,10.2.70.3
MicroFocus Cobol,10.2.70.41
MicroFocus Cobol,10.2.71.116
MicroFocus Cobol,10.2.71.4
MicroFocus Cobol,10.2.74.31
MicroFocus Cobol,10.2.9.129
Microsoft Office,10.2.0.108
Microsoft Office,10.2.0.109
Microsoft Office,10.2.0.112
Microsoft Office,10.2.0.113
Microsoft Office,10.2.0.114
Microsoft Office,10.2.0.115
Microsoft Office,10.2.0.116
Microsoft Office,10.2.0.117
Microsoft Office,10.2.0.118
Microsoft Office,10.2.0.119
Microsoft Office,10.2.0.120
Microsoft Office,10.2.0.121
Microsoft Office,10.2.0.122
Microsoft Office,10.2.0.123
Microsoft Office,10.2.0.124
Microsoft Office,10.2.0.125
Microsoft Office,10.2.0.126
Microsoft Office,10.2.0.127
Microsoft Office,10.2.0.128
Microsoft Office,10.2.0.129
Microsoft Office,10.2.0.133
Microsoft Office,10.2.0.134
Microsoft Office,10.2.0.136
Microsoft Office,10.2.0.140
Microsoft Office,10.2.0.78
Microsoft Office,10.2.0.90
Microsoft Office,10.2.100.10
Microsoft Office,10.2.100.115
Microsoft Office,10.2.100.118
Microsoft Office,10.2.100.121
Microsoft Office,10.2.100.124
Microsoft Office,10.2.100.127
Microsoft Office,10.2.100.130
Microsoft Office,10.2.100.133
Microsoft Office,10.2.100.135
Microsoft Office,10.2.100.136
Microsoft Office,10.2.100.142
Microsoft Office,10.2.100.143
Microsoft Office,10.2.100.151
Microsoft Office,10.2.100.155
Microsoft Office,10.2.100.156
Microsoft Office,10.2.100.161
Microsoft Office,10.2.100.174
Microsoft Office,10.2.100.176
Microsoft Office,10.2.100.178
Microsoft Office,10.2.100.18
Microsoft Office,10.2.100.185
Microsoft Office,10.2.100.187
Microsoft Office,10.2.100.190
Microsoft Office,10.2.100.191
Microsoft Office,10.2.100.194
Microsoft Office,10.2.100.198
Microsoft Office,10.2.100.199
Microsoft Office,10.2.100.209
Microsoft Office,10.2.100.221
Microsoft Office,10.2.100.222
Microsoft Office,10.2.100.230
Microsoft Office,10.2.100.234
Microsoft Office,10.2.100.235
Microsoft Office,10.2.100.238
Microsoft Office,10.2.100.239
Microsoft Office,10.2.100.240
Microsoft Office,10.2.100.241
Microsoft Office,10.2.100.246
Microsoft Office,10.2.100.26
Microsoft Office,10.2.100.28
Microsoft Office,10.2.100.4
Microsoft Office,10.2.100.44
Microsoft Office,10.2.100.50
Microsoft Office,10.2.100.51
Microsoft Office,10.2.100.53
Microsoft Office,10.2.100.63
Microsoft Office,10.2.100.65
Microsoft Office,10.2.100.66
Microsoft Office,10.2.100.69
Microsoft Office,10.2.100.74
Microsoft Office,10.2.100.77
Microsoft Office,10.2.100.83
Microsoft Office,10.2.100.85
Microsoft Office,10.2.100.86
Microsoft Office,10.2.100.88
Microsoft Office,10.2.100.93
Microsoft Office,10.2.100.95
Microsoft Office,10.2.100.97
Microsoft Office,10.2.101.10
Microsoft Office,10.2.101.107
Microsoft Office,10.2.101.108
Microsoft Office,10.2.101.12
Microsoft Office,10.2.101.13
Microsoft Office,10.2.101.131
Microsoft Office,10.2.101.134
Microsoft Office,10.2.101.136
Microsoft Office,10.2.101.138
Microsoft Office,10.2.101.14
Microsoft Office,10.2.101.140
Microsoft Office,10.2.101.16
Microsoft Office,10.2.101.169
Microsoft Office,10.2.101.170
Microsoft Office,10.2.101.174
Microsoft Office,10.2.101.176
Microsoft Office,10.2.101.181
Microsoft Office,10.2.101.19
Microsoft Office,10.2.101.190
Microsoft Office,10.2.101.191
Microsoft Office,10.2.101.193
Microsoft Office,10.2.101.195
Microsoft Office,10.2.10.12
Microsoft Office,10.2.101.2
Microsoft Office,10.2.101.20
Microsoft Office,10.2.101.201
Microsoft Office,10.2.101.206
Microsoft Office,10.2.101.214
Microsoft Office,10.2.101.22
Microsoft Office,10.2.101.225
Microsoft Office,10.2.101.227
Microsoft Office,10.2.101.229
Microsoft Office,10.2.101.241
Microsoft Office,10.2.101.244
Microsoft Office,10.2.10.125
Microsoft Office,10.2.101.254
Microsoft Office,10.2.101.36
Microsoft Office,10.2.101.46
Microsoft Office,10.2.101.5
Microsoft Office,10.2.101.51
Microsoft Office,10.2.101.55
Microsoft Office,10.2.101.58
Microsoft Office,10.2.101.60
Microsoft Office,10.2.101.61
Microsoft Office,10.2.101.62
Microsoft Office,10.2.101.63
Microsoft Office,10.2.101.64
Microsoft Office,10.2.101.66
Microsoft Office,10.2.10.173
Microsoft Office,10.2.101.77
Microsoft Office,10.2.101.81
Microsoft Office,10.2.101.85
Microsoft Office,10.2.101.9
Microsoft Office,10.2.101.92
Microsoft Office,10.2.10.197
Microsoft Office,10.2.10.209
Microsoft Office,10.2.102.100
Microsoft Office,10.2.102.102
Microsoft Office,10.2.102.110
Microsoft Office,10.2.102.113
Microsoft Office,10.2.102.115
Microsoft Office,10.2.102.116
Microsoft Office,10.2.102.126
Microsoft Office,10.2.102.134
Microsoft Office,10.2.10.214
Microsoft Office,10.2.102.156
Microsoft Office,10.2.102.158
Microsoft Office,10.2.102.161
Microsoft Office,10.2.102.163
Microsoft Office,10.2.102.165
Microsoft Office,10.2.102.167
Microsoft Office,10.2.102.168
Microsoft Office,10.2.102.177
Microsoft Office,10.2.102.178
Microsoft Office,10.2.102.195
Microsoft Office,10.2.10.22
Microsoft Office,10.2.102.20
Microsoft Office,10.2.102.205
Microsoft Office,10.2.102.210
Microsoft Office,10.2.102.227
Microsoft Office,10.2.102.228
Microsoft Office,10.2.102.231
Microsoft Office,10.2.102.236
Microsoft Office,10.2.102.247
Microsoft Office,10.2.102.26
Microsoft Office,10.2.102.31
Microsoft Office,10.2.102.32
Microsoft Office,10.2.102.33
Microsoft Office,10.2.102.34
Microsoft Office,10.2.102.37
Microsoft Office,10.2.102.41
Microsoft Office,10.2.102.42
Microsoft Office,10.2.102.43
Microsoft Office,10.2.10.244
Microsoft Office,10.2.102.47
Microsoft Office,10.2.102.52
Microsoft Office,10.2.102.55
Microsoft Office,10.2.102.63
Microsoft Office,10.2.102.69
Microsoft Office,10.2.102.70
Microsoft Office,10.2.102.71
Microsoft Office,10.2.102.72
Microsoft Office,10.2.102.77
Microsoft Office,10.2.102.81
Microsoft Office,10.2.102.84
Microsoft Office,10.2.102.85
Microsoft Office,10.2.102.88
Microsoft Office,10.2.102.90
Microsoft Office,10.2.102.93
Microsoft Office,10.2.102.95
Microsoft Office,10.2.103.0
Microsoft Office,10.2.103.112
Microsoft Office,10.2.103.116
Microsoft Office,10.2.103.117
Microsoft Office,10.2.103.12
Microsoft Office,10.2.103.137
Microsoft Office,10.2.103.14
Microsoft Office,10.2.103.143
Microsoft Office,10.2.103.151
Microsoft Office,10.2.103.152
Microsoft Office,10.2.103.154
Microsoft Office,10.2.103.156
Microsoft Office,10.2.103.159
Microsoft Office,10.2.103.166
Microsoft Office,10.2.103.177
Microsoft Office,10.2.103.179
Microsoft Office,10.2.103.18
Microsoft Office,10.2.103.181
Microsoft Office,10.2.103.187
Microsoft Office,10.2.103.191
Microsoft Office,10.2.103.23
Microsoft Office,10.2.103.25
Microsoft Office,10.2.103.26
Microsoft Office,10.2.103.38
Microsoft Office,10.2.103.58
Microsoft Office,10.2.103.6
Microsoft Office,10.2.103.71
Microsoft Office,10.2.103.73
Microsoft Office,10.2.103.74
Microsoft Office,10.2.103.78
Microsoft Office,10.2.103.85
Microsoft Office,10.2.103.91
Microsoft Office,10.2.10.49
Microsoft Office,10.2.10.6
Microsoft Office,10.2.10.76
Microsoft Office,10.2.10.81
Microsoft Office,10.2.10.9
Microsoft Office,10.2.10.90
Microsoft Office,10.2.11.0
Microsoft Office,10.2.1.103
Microsoft Office,10.2.1.104
Microsoft Office,10.2.11.108
Microsoft Office,10.2.11.110
Microsoft Office,10.2.11.124
Microsoft Office,10.2.11.130
Microsoft Office,10.2.11.136
Microsoft Office,10.2.11.158
Microsoft Office,10.2.11.195
Microsoft Office,10.2.11.221
Microsoft Office,10.2.1.123
Microsoft Office,10.2.1.125
Microsoft Office,10.2.1.126
Microsoft Office,10.2.1.135
Microsoft Office,10.2.1.146
Microsoft Office,10.2.11.54
Microsoft Office,10.2.11.58
Microsoft Office,10.2.1.176
Microsoft Office,10.2.11.77
Microsoft Office,10.2.11.85
Microsoft Office,10.2.12.112
Microsoft Office,10.2.12.129
Microsoft Office,10.2.12.139
Microsoft Office,10.2.12.150
Microsoft Office,10.2.12.157
Microsoft Office,10.2.12.180
Microsoft Office,10.2.12.36
Microsoft Office,10.2.1.242
Microsoft Office,10.2.12.77
Microsoft Office,10.2.12.99
Microsoft Office,10.2.13.121
Microsoft Office,10.2.13.15
Microsoft Office,10.2.13.160
Microsoft Office,10.2.13.62
Microsoft Office,10.2.14.75
Microsoft Office,10.2.14.78
Microsoft Office,10.2.14.84
Microsoft Office,10.2.17.101
Microsoft Office,10.2.17.102
Microsoft Office,10.2.17.103
Microsoft Office,10.2.17.183
Microsoft Office,10.2.17.184
Microsoft Office,10.2.17.207
Microsoft Office,10.2.17.225
Microsoft Office,10.2.1.74
Microsoft Office,10.2.17.68
Microsoft Office,10.2.17.89
Microsoft Office,10.2.17.98
Microsoft Office,10.2.1.87
Microsoft Office,10.2.2.1
Microsoft Office,10.22.25.206
Microsoft Office,10.22.25.245
Microsoft Office,10.22.28.103
Microsoft Office,10.22.28.115
Microsoft Office,10.22.28.118
Microsoft Office,10.22.28.131
Microsoft Office,10.22.28.143
Microsoft Office,10.22.28.146
Microsoft Office,10.22.28.147
Microsoft Office,10.22.28.148
Microsoft Office,10.22.28.181
Microsoft Office,10.22.28.185
Microsoft Office,10.22.28.20
Microsoft Office,10.22.28.22
Microsoft Office,10.22.28.24
Microsoft Office,10.22.28.27
Microsoft Office,10.22.28.3
Microsoft Office,10.22.28.36
Microsoft Office,10.22.28.38
Microsoft Office,10.22.28.40
Microsoft Office,10.22.28.43
Microsoft Office,10.22.28.44
Microsoft Office,10.22.28.47
Microsoft Office,10.22.28.48
Microsoft Office,10.22.28.50
Microsoft Office,10.22.28.51
Microsoft Office,10.22.28.52
Microsoft Office,10.22.28.53
Microsoft Office,10.22.28.67
Microsoft Office,10.22.28.76
Microsoft Office,10.22.28.80
Microsoft Office,10.22.28.81
Microsoft Office,10.22.28.83
Microsoft Office,10.22.28.85
Microsoft Office,10.22.28.86
Microsoft Office,10.22.28.89
Microsoft Office,10.22.28.91
Microsoft Office,10.22.28.93
Microsoft Office,10.22.29.2
Microsoft Office,10.22.30.132
Microsoft Office,10.22.30.143
Microsoft Office,10.22.30.202
Microsoft Office,10.22.30.250
Microsoft Office,10.22.31.180
Microsoft Office,10.22.31.198
Microsoft Office,10.22.31.199
Microsoft Office,10.22.31.208
Microsoft Office,10.2.2.4
Microsoft Office,10.2.2.8
Microsoft Office,10.2.40.210
Microsoft Office,10.2.40.215
Microsoft Office,10.2.40.218
Microsoft Office,10.2.40.222
Microsoft Office,10.2.42.100
Microsoft Office,10.2.42.110
Microsoft Office,10.2.42.119
Microsoft Office,10.2.42.125
Microsoft Office,10.2.42.135
Microsoft Office,10.2.42.153
Microsoft Office,10.2.42.157
Microsoft Office,10.2.42.187
Microsoft Office,10.2.42.190
Microsoft Office,10.2.42.195
Microsoft Office,10.2.42.224
Microsoft Office,10.2.42.228
Microsoft Office,10.2.42.241
Microsoft Office,10.2.42.253
Microsoft Office,10.2.42.3
Microsoft Office,10.2.42.32
Microsoft Office,10.2.42.42
Microsoft Office,10.2.42.45
Microsoft Office,10.2.42.46
Microsoft Office,10.2.42.49
Microsoft Office,10.2.42.55
Microsoft Office,10.2.42.64
Microsoft Office,10.2.42.87
Microsoft Office,10.2.42.88
Microsoft Office,10.2.43.101
Microsoft Office,10.2.43.115
Microsoft Office,10.2.43.119
Microsoft Office,10.2.43.159
Microsoft Office,10.2.43.17
Microsoft Office,10.2.43.179
Microsoft Office,10.2.43.180
Microsoft Office,10.2.43.185
Microsoft Office,10.2.43.193
Microsoft Office,10.2.43.218
Microsoft Office,10.2.43.228
Microsoft Office,10.2.43.230
Microsoft Office,10.2.43.235
Microsoft Office,10.2.43.239
Microsoft Office,10.2.43.240
Microsoft Office,10.2.43.245
Microsoft Office,10.2.43.47
Microsoft Office,10.2.43.53
Microsoft Office,10.2.43.82
Microsoft Office,10.2.43.99
Microsoft Office,10.2.44.158
Microsoft Office,10.2.44.160
Microsoft Office,10.2.44.196
Microsoft Office,10.2.44.210
Microsoft Office,10.2.44.224
Microsoft Office,10.2.44.234
Microsoft Office,10.2.44.253
Microsoft Office,10.2.44.254
Microsoft Office,10.2.44.54
Microsoft Office,10.2.44.63
Microsoft Office,10.2.44.93
Microsoft Office,10.2.45.13
Microsoft Office,10.2.45.139
Microsoft Office,10.2.45.183
Microsoft Office,10.2.45.20
Microsoft Office,10.2.45.201
Microsoft Office,10.2.45.237
Microsoft Office,10.2.45.244
Microsoft Office,10.2.45.36
Microsoft Office,10.2.45.50
Microsoft Office,10.2.45.6
Microsoft Office,10.2.45.69
Microsoft Office,10.2.45.7
Microsoft Office,10.2.45.86
Microsoft Office,10.2.52.10
Microsoft Office,10.2.52.13
Microsoft Office,10.2.52.15
Microsoft Office,10.2.52.24
Microsoft Office,10.2.52.27
Microsoft Office,10.2.52.28
Microsoft Office,10.2.52.29
Microsoft Office,10.2.52.31
Microsoft Office,10.2.52.34
Microsoft Office,10.2.52.35
Microsoft Office,10.2.52.36
Microsoft Office,10.2.52.37
Microsoft Office,10.2.52.38
Microsoft Office,10.2.52.4
Microsoft Office,10.2.52.40
Microsoft Office,10.2.52.42
Microsoft Office,10.2.52.44
Microsoft Office,10.2.52.45
Microsoft Office,10.2.52.9
Microsoft Office,10.2.65.201
Microsoft Office,10.2.65.207
Microsoft Office,10.2.66.113
Microsoft Office,10.2.66.122
Microsoft Office,10.2.66.148
Microsoft Office,10.2.66.15
Microsoft Office,10.2.66.16
Microsoft Office,10.2.66.167
Microsoft Office,10.2.66.180
Microsoft Office,10.2.66.191
Microsoft Office,10.2.66.198
Microsoft Office,10.2.66.204
Microsoft Office,10.2.66.208
Microsoft Office,10.2.66.211
Microsoft Office,10.2.66.217
Microsoft Office,10.2.66.236
Microsoft Office,10.2.66.24
Microsoft Office,10.2.66.242
Microsoft Office,10.2.66.246
Microsoft Office,10.2.66.248
Microsoft Office,10.2.66.255
Microsoft Office,10.2.66.31
Microsoft Office,10.2.66.34
Microsoft Office,10.2.66.61
Microsoft Office,10.2.66.67
Microsoft Office,10.2.66.68
Microsoft Office,10.2.66.8
Microsoft Office,10.2.66.82
Microsoft Office,10.2.66.89
Microsoft Office,10.2.67.106
Microsoft Office,10.2.67.109
Microsoft Office,10.2.67.124
Microsoft Office,10.2.67.129
Microsoft Office,10.2.67.130
Microsoft Office,10.2.67.132
Microsoft Office,10.2.67.136
Microsoft Office,10.2.67.140
Microsoft Office,10.2.67.143
Microsoft Office,10.2.67.151
Microsoft Office,10.2.67.154
Microsoft Office,10.2.67.155
Microsoft Office,10.2.67.158
Microsoft Office,10.2.67.16
Microsoft Office,10.2.67.161
Microsoft Office,10.2.67.172
Microsoft Office,10.2.67.175
Microsoft Office,10.2.67.185
Microsoft Office,10.2.67.188
Microsoft Office,10.2.67.198
Microsoft Office,10.2.67.2
Microsoft Office,10.2.67.202
Microsoft Office,10.2.67.210
Microsoft Office,10.2.67.213
Microsoft Office,10.2.67.214
Microsoft Office,10.2.67.220
Microsoft Office,10.2.67.221
Microsoft Office,10.2.67.223
Microsoft Office,10.2.67.228
Microsoft Office,10.2.67.23
Microsoft Office,10.2.67.249
Microsoft Office,10.2.67.252
Microsoft Office,10.2.67.254
Microsoft Office,10.2.67.50
Microsoft Office,10.2.67.77
Microsoft Office,10.2.67.80
Microsoft Office,10.2.67.96
Microsoft Office,10.2.67.99
Microsoft Office,10.2.68.10
Microsoft Office,10.2.68.110
Microsoft Office,10.2.68.116
Microsoft Office,10.2.68.118
Microsoft Office,10.2.68.122
Microsoft Office,10.2.68.128
Microsoft Office,10.2.68.13
Microsoft Office,10.2.68.149
Microsoft Office,10.2.68.166
Microsoft Office,10.2.68.169
Microsoft Office,10.2.68.173
Microsoft Office,10.2.68.174
Microsoft Office,10.2.68.175
Microsoft Office,10.2.68.177
Microsoft Office,10.2.68.178
Microsoft Office,10.2.68.182
Microsoft Office,10.2.68.184
Microsoft Office,10.2.68.196
Microsoft Office,10.2.68.2
Microsoft Office,10.2.68.203
Microsoft Office,10.2.68.206
Microsoft Office,10.2.68.21
Microsoft Office,10.2.68.226
Microsoft Office,10.2.68.229
Microsoft Office,10.2.68.231
Microsoft Office,10.2.68.233
Microsoft Office,10.2.68.240
Microsoft Office,10.2.68.249
Microsoft Office,10.2.68.3
Microsoft Office,10.2.68.38
Microsoft Office,10.2.68.62
Microsoft Office,10.2.68.63
Microsoft Office,10.2.68.67
Microsoft Office,10.2.68.76
Microsoft Office,10.2.68.8
Microsoft Office,10.2.68.85
Microsoft Office,10.2.68.9
Microsoft Office,10.2.68.90
Microsoft Office,10.2.69.10
Microsoft Office,10.2.69.133
Microsoft Office,10.2.69.134
Microsoft Office,10.2.69.139
Microsoft Office,10.2.69.150
Microsoft Office,10.2.69.151
Microsoft Office,10.2.69.164
Microsoft Office,10.2.69.165
Microsoft Office,10.2.69.168
Microsoft Office,10.2.69.17
Microsoft Office,10.2.69.177
Microsoft Office,10.2.69.179
Microsoft Office,10.2.69.193
Microsoft Office,10.2.69.2
Microsoft Office,10.2.69.207
Microsoft Office,10.2.69.229
Microsoft Office,10.2.69.232
Microsoft Office,10.2.69.235
Microsoft Office,10.2.69.24
Microsoft Office,10.2.69.246
Microsoft Office,10.2.69.251
Microsoft Office,10.2.69.254
Microsoft Office,10.2.69.28
Microsoft Office,10.2.69.3
Microsoft Office,10.2.69.36
Microsoft Office,10.2.69.42
Microsoft Office,10.2.69.55
Microsoft Office,10.2.69.57
Microsoft Office,10.2.69.7
Microsoft Office,10.2.69.79
Microsoft Office,10.2.69.81
Microsoft Office,10.2.69.83
Microsoft Office,10.2.69.89
Microsoft Office,10.2.69.95
Microsoft Office,10.2.69.97
Microsoft Office,10.2.70.104
Microsoft Office,10.2.70.107
Microsoft Office,10.2.70.111
Microsoft Office,10.2.70.116
Microsoft Office,10.2.70.149
Microsoft Office,10.2.70.150
Microsoft Office,10.2.70.157
Microsoft Office,10.2.70.163
Microsoft Office,10.2.70.166
Microsoft Office,10.2.70.179
Microsoft Office,10.2.70.181
Microsoft Office,10.2.70.183
Microsoft Office,10.2.70.197
Microsoft Office,10.2.70.20
Microsoft Office,10.2.70.203
Microsoft Office,10.2.70.204
Microsoft Office,10.2.70.207
Microsoft Office,10.2.70.222
Microsoft Office,10.2.70.223
Microsoft Office,10.2.70.23
Microsoft Office,10.2.70.240
Microsoft Office,10.2.70.241
Microsoft Office,10.2.70.245
Microsoft Office,10.2.70.38
Microsoft Office,10.2.70.44
Microsoft Office,10.2.70.48
Microsoft Office,10.2.70.5
Microsoft Office,10.2.70.62
Microsoft Office,10.2.70.65
Microsoft Office,10.2.70.73
Microsoft Office,10.2.70.82
Microsoft Office,10.2.70.85
Microsoft Office,10.2.70.9
Microsoft Office,10.2.70.94
Microsoft Office,10.2.71.112
Microsoft Office,10.2.71.116
Microsoft Office,10.2.71.136
Microsoft Office,10.2.71.14
Microsoft Office,10.2.71.143
Microsoft Office,10.2.71.151
Microsoft Office,10.2.71.154
Microsoft Office,10.2.71.167
Microsoft Office,10.2.71.171
Microsoft Office,10.2.71.174
Microsoft Office,10.2.71.185
Microsoft Office,10.2.71.39
Microsoft Office,10.2.71.42
Microsoft Office,10.2.71.43
Microsoft Office,10.2.71.52
Microsoft Office,10.2.71.56
Microsoft Office,10.2.71.62
Microsoft Office,10.2.71.7
Microsoft Office,10.2.71.76
Microsoft Office,10.2.71.80
Microsoft Office,10.2.71.97
Microsoft Office,10.2.74.10
Microsoft Office,10.2.74.144
Microsoft Office,10.2.74.174
Microsoft Office,10.2.74.193
Microsoft Office,10.2.74.219
Microsoft Office,10.2.74.31
Microsoft Office,10.2.74.45
Microsoft Office,10.2.74.52
Microsoft Office,10.2.74.54
Microsoft Office,10.2.74.87
Microsoft Office,10.2.74.88
Microsoft Office,10.2.74.93
Microsoft Office,10.2.75.101
Microsoft Office,10.2.75.104
Microsoft Office,10.2.75.112
Microsoft Office,10.2.75.128
Microsoft Office,10.2.75.133
Microsoft Office,10.2.75.137
Microsoft Office,10.2.75.164
Microsoft Office,10.2.75.168
Microsoft Office,10.2.75.171
Microsoft Office,10.2.75.175
Microsoft Office,10.2.75.177
Microsoft Office,10.2.75.18
Microsoft Office,10.2.75.232
Microsoft Office,10.2.75.81
Microsoft Office,10.2.75.92
Microsoft Office,10.2.76.115
Microsoft Office,10.2.76.14
Microsoft Office,10.2.76.159
Microsoft Office,10.2.76.39
Microsoft Office,10.2.76.47
Microsoft Office,10.2.76.58
Microsoft Office,10.2.76.7
Microsoft Office,10.2.76.77
Microsoft Office,10.2.76.94
Microsoft Office,10.2.76.97
Microsoft Office,10.2.77.224
Microsoft Office,10.2.77.240
Microsoft Office,10.2.77.31
Microsoft Office,10.2.8.15
Microsoft Office,10.2.8.205
Microsoft Office,10.2.8.211
Microsoft Office,10.2.8.244
Microsoft Office,10.2.8.247
Microsoft Office,10.2.8.68
Microsoft Office,10.2.88.136
Microsoft Office,10.2.88.36
Microsoft Office,10.2.89.24
Microsoft Office,10.2.9.145
Microsoft Office,10.2.9.217
Microsoft Office,10.2.9.233
Microsoft Office,10.2.9.31
Microsoft Office,10.2.9.34
Microsoft Office,10.2.9.35
Microsoft Office,10.2.9.40
Microsoft Office,10.2.9.44
Microsoft Office,10.2.9.68
Microsoft Office,10.2.9.87
Microsoft Project,10.2.100.115
Microsoft Project,10.2.100.127
Microsoft Project,10.2.100.133
Microsoft Project,10.2.100.143
Microsoft Project,10.2.100.155
Microsoft Project,10.2.100.156
Microsoft Project,10.2.100.18
Microsoft Project,10.2.100.191
Microsoft Project,10.2.100.209
Microsoft Project,10.2.100.222
Microsoft Project,10.2.100.74
Microsoft Project,10.2.100.86
Microsoft Project,10.2.101.134
Microsoft Project,10.2.101.169
Microsoft Project,10.2.101.170
Microsoft Project,10.2.101.174
Microsoft Project,10.2.101.19
Microsoft Project,10.2.101.195
Microsoft Project,10.2.101.201
Microsoft Project,10.2.101.22
Microsoft Project,10.2.101.241
Microsoft Project,10.2.101.244
Microsoft Project,10.2.101.62
Microsoft Project,10.2.101.64
Microsoft Project,10.2.10.209
Microsoft Project,10.2.102.100
Microsoft Project,10.2.102.102
Microsoft Project,10.2.102.110
Microsoft Project,10.2.102.116
Microsoft Project,10.2.102.126
Microsoft Project,10.2.102.156
Microsoft Project,10.2.102.158
Microsoft Project,10.2.102.165
Microsoft Project,10.2.102.167
Microsoft Project,10.2.102.177
Microsoft Project,10.2.10.22
Microsoft Project,10.2.102.236
Microsoft Project,10.2.102.77
Microsoft Project,10.2.102.81
Microsoft Project,10.2.102.84
Microsoft Project,10.2.102.88
Microsoft Project,10.2.102.93
Microsoft Project,10.2.102.95
Microsoft Project,10.2.103.0
Microsoft Project,10.2.103.116
Microsoft Project,10.2.103.12
Microsoft Project,10.2.103.159
Microsoft Project,10.2.103.18
Microsoft Project,10.2.103.25
Microsoft Project,10.2.103.58
Microsoft Project,10.2.103.74
Microsoft Project,10.2.10.49
Microsoft Project,10.2.10.9
Microsoft Project,10.2.11.0
Microsoft Project,10.2.11.110
Microsoft Project,10.2.11.130
Microsoft Project,10.2.11.195
Microsoft Project,10.2.1.126
Microsoft Project,10.2.11.85
Microsoft Project,10.2.12.157
Microsoft Project,10.2.14.78
Microsoft Project,10.22.28.115
Microsoft Project,10.22.28.3
Microsoft Project,10.22.28.50
Microsoft Project,10.22.29.2
Microsoft Project,10.2.40.218
Microsoft Project,10.2.42.110
Microsoft Project,10.2.42.153
Microsoft Project,10.2.42.187
Microsoft Project,10.2.42.190
Microsoft Project,10.2.42.221
Microsoft Project,10.2.42.241
Microsoft Project,10.2.42.3
Microsoft Project,10.2.42.42
Microsoft Project,10.2.42.64
Microsoft Project,10.2.43.101
Microsoft Project,10.2.43.119
Microsoft Project,10.2.43.159
Microsoft Project,10.2.43.180
Microsoft Project,10.2.43.185
Microsoft Project,10.2.43.193
Microsoft Project,10.2.43.218
Microsoft Project,10.2.43.228
Microsoft Project,10.2.43.99
Microsoft Project,10.2.44.158
Microsoft Project,10.2.44.160
Microsoft Project,10.2.44.196
Microsoft Project,10.2.44.210
Microsoft Project,10.2.44.224
Microsoft Project,10.2.44.234
Microsoft Project,10.2.44.253
Microsoft Project,10.2.44.254
Microsoft Project,10.2.44.54
Microsoft Project,10.2.45.13
Microsoft Project,10.2.45.183
Microsoft Project,10.2.45.20
Microsoft Project,10.2.45.237
Microsoft Project,10.2.45.36
Microsoft Project,10.2.45.6
Microsoft Project,10.2.45.69
Microsoft Project,10.2.45.86
Microsoft Project,10.2.52.13
Microsoft Project,10.2.52.24
Microsoft Project,10.2.52.36
Microsoft Project,10.2.66.122
Microsoft Project,10.2.66.15
Microsoft Project,10.2.66.154
Microsoft Project,10.2.66.191
Microsoft Project,10.2.66.198
Microsoft Project,10.2.66.211
Microsoft Project,10.2.66.217
Microsoft Project,10.2.66.24
Microsoft Project,10.2.66.242
Microsoft Project,10.2.66.31
Microsoft Project,10.2.66.61
Microsoft Project,10.2.67.106
Microsoft Project,10.2.67.124
Microsoft Project,10.2.67.143
Microsoft Project,10.2.67.154
Microsoft Project,10.2.67.214
Microsoft Project,10.2.67.220
Microsoft Project,10.2.67.231
Microsoft Project,10.2.67.254
Microsoft Project,10.2.68.10
Microsoft Project,10.2.68.149
Microsoft Project,10.2.68.173
Microsoft Project,10.2.68.177
Microsoft Project,10.2.68.2
Microsoft Project,10.2.68.203
Microsoft Project,10.2.68.62
Microsoft Project,10.2.68.63
Microsoft Project,10.2.68.67
Microsoft Project,10.2.68.76
Microsoft Project,10.2.69.150
Microsoft Project,10.2.69.151
Microsoft Project,10.2.69.55
Microsoft Project,10.2.69.7
Microsoft Project,10.2.69.81
Microsoft Project,10.2.69.97
Microsoft Project,10.2.70.13
Microsoft Project,10.2.70.163
Microsoft Project,10.2.70.179
Microsoft Project,10.2.70.189
Microsoft Project,10.2.70.207
Microsoft Project,10.2.70.23
Microsoft Project,10.2.70.240
Microsoft Project,10.2.70.65
Microsoft Project,10.2.70.73
Microsoft Project,10.2.70.85
Microsoft Project,10.2.70.9
Microsoft Project,10.2.70.94
Microsoft Project,10.2.71.112
Microsoft Project,10.2.71.143
Microsoft Project,10.2.71.154
Microsoft Project,10.2.71.174
Microsoft Project,10.2.71.185
Microsoft Project,10.2.71.39
Microsoft Project,10.2.71.42
Microsoft Project,10.2.71.43
Microsoft Project,10.2.71.56
Microsoft Project,10.2.71.7
Microsoft Project,10.2.71.97
Microsoft Project,10.2.74.10
Microsoft Project,10.2.74.31
Microsoft Project,10.2.75.104
Microsoft Project,10.2.75.137
Microsoft Project,10.2.76.159
Microsoft Project,10.2.77.31
Microsoft Project,10.2.9.145
Microsoft Project,10.2.9.233
Microsoft Project,10.2.9.40
Microsoft Project,10.2.9.68
Microsoft SQL Server,10.2.0.102
Microsoft SQL Server,10.2.0.103
Microsoft SQL Server,10.2.0.105
Microsoft SQL Server,10.2.0.110
Microsoft SQL Server,10.2.0.111
Microsoft SQL Server,10.2.0.222
Microsoft SQL Server,10.2.0.223
Microsoft SQL Server,10.2.0.224
Microsoft SQL Server,10.2.0.90
Microsoft SQL Server,10.2.100.121
Microsoft SQL Server,10.2.100.127
Microsoft SQL Server,10.2.100.176
Microsoft SQL Server,10.2.100.178
Microsoft SQL Server,10.2.100.191
Microsoft SQL Server,10.2.100.222
Microsoft SQL Server,10.2.100.59
Microsoft SQL Server,10.2.100.74
Microsoft SQL Server,10.2.100.76
Microsoft SQL Server,10.2.100.87
Microsoft SQL Server,10.2.101.176
Microsoft SQL Server,10.2.10.12
Microsoft SQL Server,10.2.101.225
Microsoft SQL Server,10.2.101.227
Microsoft SQL Server,10.2.10.125
Microsoft SQL Server,10.2.10.131
Microsoft SQL Server,10.2.10.134
Microsoft SQL Server,10.2.101.36
Microsoft SQL Server,10.2.101.46
Microsoft SQL Server,10.2.101.55
Microsoft SQL Server,10.2.10.156
Microsoft SQL Server,10.2.10.16
Microsoft SQL Server,10.2.10.163
Microsoft SQL Server,10.2.101.63
Microsoft SQL Server,10.2.101.66
Microsoft SQL Server,10.2.10.184
Microsoft SQL Server,10.2.101.85
Microsoft SQL Server,10.2.10.190
Microsoft SQL Server,10.2.101.92
Microsoft SQL Server,10.2.10.208
Microsoft SQL Server,10.2.102.113
Microsoft SQL Server,10.2.102.115
Microsoft SQL Server,10.2.102.134
Microsoft SQL Server,10.2.10.214
Microsoft SQL Server,10.2.102.178
Microsoft SQL Server,10.2.102.228
Microsoft SQL Server,10.2.102.231
Microsoft SQL Server,10.2.10.228
Microsoft SQL Server,10.2.102.43
Microsoft SQL Server,10.2.102.47
Microsoft SQL Server,10.2.10.25
Microsoft SQL Server,10.2.102.52
Microsoft SQL Server,10.2.10.26
Microsoft SQL Server,10.2.102.67
Microsoft SQL Server,10.2.102.72
Microsoft SQL Server,10.2.102.90
Microsoft SQL Server,10.2.10.36
Microsoft SQL Server,10.2.10.37
Microsoft SQL Server,10.2.103.73
Microsoft SQL Server,10.2.10.80
Microsoft SQL Server,10.2.10.9
Microsoft SQL Server,10.2.11.0
Microsoft SQL Server,10.2.1.102
Microsoft SQL Server,10.2.1.104
Microsoft SQL Server,10.2.1.107
Microsoft SQL Server,10.2.11.105
Microsoft SQL Server,10.2.11.108
Microsoft SQL Server,10.2.11.110
Microsoft SQL Server,10.2.11.112
Microsoft SQL Server,10.2.11.130
Microsoft SQL Server,10.2.11.147
Microsoft SQL Server,10.2.11.171
Microsoft SQL Server,10.2.11.195
Microsoft SQL Server,10.2.11.196
Microsoft SQL Server,10.2.1.12
Microsoft SQL Server,10.2.1.120
Microsoft SQL Server,10.2.11.221
Microsoft SQL Server,10.2.1.124
Microsoft SQL Server,10.2.11.24
Microsoft SQL Server,10.2.1.125
Microsoft SQL Server,10.2.1.126
Microsoft SQL Server,10.2.1.128
Microsoft SQL Server,10.2.1.129
Microsoft SQL Server,10.2.1.133
Microsoft SQL Server,10.2.1.149
Microsoft SQL Server,10.2.11.50
Microsoft SQL Server,10.2.11.54
Microsoft SQL Server,10.2.11.58
Microsoft SQL Server,10.2.11.77
Microsoft SQL Server,10.2.11.85
Microsoft SQL Server,10.2.1.188
Microsoft SQL Server,10.2.1.189
Microsoft SQL Server,10.2.11.90
Microsoft SQL Server,10.2.12.0
Microsoft SQL Server,10.2.12.10
Microsoft SQL Server,10.2.12.112
Microsoft SQL Server,10.2.12.121
Microsoft SQL Server,10.2.12.150
Microsoft SQL Server,10.2.12.188
Microsoft SQL Server,10.2.12.36
Microsoft SQL Server,10.2.1.242
Microsoft SQL Server,10.2.1.250
Microsoft SQL Server,10.2.12.63
Microsoft SQL Server,10.2.13.121
Microsoft SQL Server,10.2.13.146
Microsoft SQL Server,10.2.13.190
Microsoft SQL Server,10.2.13.195
Microsoft SQL Server,10.2.13.219
Microsoft SQL Server,10.2.13.50
Microsoft SQL Server,10.2.13.89
Microsoft SQL Server,10.2.13.98
Microsoft SQL Server,10.2.14.65
Microsoft SQL Server,10.2.14.66
Microsoft SQL Server,10.2.1.51
Microsoft SQL Server,10.2.1.68
Microsoft SQL Server,10.2.17.101
Microsoft SQL Server,10.2.17.102
Microsoft SQL Server,10.2.17.103
Microsoft SQL Server,10.2.17.144
Microsoft SQL Server,10.2.17.155
Microsoft SQL Server,10.2.17.161
Microsoft SQL Server,10.2.17.183
Microsoft SQL Server,10.2.17.184
Microsoft SQL Server,10.2.17.190
Microsoft SQL Server,10.2.17.203
Microsoft SQL Server,10.2.17.207
Microsoft SQL Server,10.2.17.218
Microsoft SQL Server,10.2.17.221
Microsoft SQL Server,10.2.17.225
Microsoft SQL Server,10.2.17.226
Microsoft SQL Server,10.2.17.227
Microsoft SQL Server,10.2.17.241
Microsoft SQL Server,10.2.17.68
Microsoft SQL Server,10.2.17.92
Microsoft SQL Server,10.2.1.87
Microsoft SQL Server,10.2.1.93
Microsoft SQL Server,10.2.2.1
Microsoft SQL Server,10.22.25.203
Microsoft SQL Server,10.22.25.206
Microsoft SQL Server,10.22.25.228
Microsoft SQL Server,10.22.25.245
Microsoft SQL Server,10.22.28.115
Microsoft SQL Server,10.22.28.131
Microsoft SQL Server,10.22.28.143
Microsoft SQL Server,10.22.28.146
Microsoft SQL Server,10.22.28.147
Microsoft SQL Server,10.22.28.148
Microsoft SQL Server,10.22.28.181
Microsoft SQL Server,10.22.28.185
Microsoft SQL Server,10.22.28.20
Microsoft SQL Server,10.22.28.22
Microsoft SQL Server,10.22.28.3
Microsoft SQL Server,10.22.28.36
Microsoft SQL Server,10.22.28.40
Microsoft SQL Server,10.22.28.43
Microsoft SQL Server,10.22.28.44
Microsoft SQL Server,10.22.28.47
Microsoft SQL Server,10.22.28.48
Microsoft SQL Server,10.22.28.50
Microsoft SQL Server,10.22.28.51
Microsoft SQL Server,10.22.28.52
Microsoft SQL Server,10.22.28.53
Microsoft SQL Server,10.22.28.67
Microsoft SQL Server,10.22.28.76
Microsoft SQL Server,10.22.28.80
Microsoft SQL Server,10.22.28.83
Microsoft SQL Server,10.22.28.86
Microsoft SQL Server,10.22.28.89
Microsoft SQL Server,10.22.28.93
Microsoft SQL Server,10.22.29.2
Microsoft SQL Server,10.22.30.132
Microsoft SQL Server,10.22.30.202
Microsoft SQL Server,10.22.31.180
Microsoft SQL Server,10.22.31.198
Microsoft SQL Server,10.22.31.199
Microsoft SQL Server,10.22.31.208
Microsoft SQL Server,10.2.2.5
Microsoft SQL Server,10.2.40.146
Microsoft SQL Server,10.2.40.218
Microsoft SQL Server,10.2.42.119
Microsoft SQL Server,10.2.42.125
Microsoft SQL Server,10.2.42.135
Microsoft SQL Server,10.2.42.153
Microsoft SQL Server,10.2.42.221
Microsoft SQL Server,10.2.42.241
Microsoft SQL Server,10.2.42.3
Microsoft SQL Server,10.2.42.31
Microsoft SQL Server,10.2.43.170
Microsoft SQL Server,10.2.43.180
Microsoft SQL Server,10.2.43.53
Microsoft SQL Server,10.2.44.114
Microsoft SQL Server,10.2.44.158
Microsoft SQL Server,10.2.44.93
Microsoft SQL Server,10.2.45.198
Microsoft SQL Server,10.2.45.50
Microsoft SQL Server,10.2.52.10
Microsoft SQL Server,10.2.52.24
Microsoft SQL Server,10.2.52.28
Microsoft SQL Server,10.2.52.29
Microsoft SQL Server,10.2.52.30
Microsoft SQL Server,10.2.52.45
Microsoft SQL Server,10.2.52.9
Microsoft SQL Server,10.2.64.203
Microsoft SQL Server,10.2.64.222
Microsoft SQL Server,10.2.65.203
Microsoft SQL Server,10.2.65.207
Microsoft SQL Server,10.2.66.113
Microsoft SQL Server,10.2.66.122
Microsoft SQL Server,10.2.66.142
Microsoft SQL Server,10.2.66.148
Microsoft SQL Server,10.2.66.15
Microsoft SQL Server,10.2.66.16
Microsoft SQL Server,10.2.66.189
Microsoft SQL Server,10.2.66.191
Microsoft SQL Server,10.2.66.200
Microsoft SQL Server,10.2.66.204
Microsoft SQL Server,10.2.66.215
Microsoft SQL Server,10.2.66.229
Microsoft SQL Server,10.2.66.236
Microsoft SQL Server,10.2.66.24
Microsoft SQL Server,10.2.66.242
Microsoft SQL Server,10.2.66.246
Microsoft SQL Server,10.2.66.31
Microsoft SQL Server,10.2.66.77
Microsoft SQL Server,10.2.66.8
Microsoft SQL Server,10.2.66.89
Microsoft SQL Server,10.2.66.94
Microsoft SQL Server,10.2.67.104
Microsoft SQL Server,10.2.67.106
Microsoft SQL Server,10.2.67.124
Microsoft SQL Server,10.2.67.140
Microsoft SQL Server,10.2.67.143
Microsoft SQL Server,10.2.67.154
Microsoft SQL Server,10.2.67.155
Microsoft SQL Server,10.2.67.16
Microsoft SQL Server,10.2.67.185
Microsoft SQL Server,10.2.67.188
Microsoft SQL Server,10.2.67.198
Microsoft SQL Server,10.2.67.210
Microsoft SQL Server,10.2.67.220
Microsoft SQL Server,10.2.67.23
Microsoft SQL Server,10.2.67.240
Microsoft SQL Server,10.2.67.249
Microsoft SQL Server,10.2.67.254
Microsoft SQL Server,10.2.67.29
Microsoft SQL Server,10.2.67.32
Microsoft SQL Server,10.2.67.34
Microsoft SQL Server,10.2.67.35
Microsoft SQL Server,10.2.67.39
Microsoft SQL Server,10.2.67.5
Microsoft SQL Server,10.2.67.57
Microsoft SQL Server,10.2.67.65
Microsoft SQL Server,10.2.67.76
Microsoft SQL Server,10.2.67.94
Microsoft SQL Server,10.2.67.99
Microsoft SQL Server,10.2.68.10
Microsoft SQL Server,10.2.68.11
Microsoft SQL Server,10.2.68.110
Microsoft SQL Server,10.2.68.116
Microsoft SQL Server,10.2.68.14
Microsoft SQL Server,10.2.68.149
Microsoft SQL Server,10.2.68.165
Microsoft SQL Server,10.2.68.173
Microsoft SQL Server,10.2.68.174
Microsoft SQL Server,10.2.68.175
Microsoft SQL Server,10.2.68.184
Microsoft SQL Server,10.2.68.187
Microsoft SQL Server,10.2.68.2
Microsoft SQL Server,10.2.68.21
Microsoft SQL Server,10.2.68.229
Microsoft SQL Server,10.2.68.233
Microsoft SQL Server,10.2.68.237
Microsoft SQL Server,10.2.68.242
Microsoft SQL Server,10.2.68.249
Microsoft SQL Server,10.2.68.28
Microsoft SQL Server,10.2.68.62
Microsoft SQL Server,10.2.68.63
Microsoft SQL Server,10.2.68.82
Microsoft SQL Server,10.2.68.90
Microsoft SQL Server,10.2.68.92
Microsoft SQL Server,10.2.69.10
Microsoft SQL Server,10.2.69.128
Microsoft SQL Server,10.2.69.133
Microsoft SQL Server,10.2.69.134
Microsoft SQL Server,10.2.69.139
Microsoft SQL Server,10.2.69.150
Microsoft SQL Server,10.2.69.151
Microsoft SQL Server,10.2.69.157
Microsoft SQL Server,10.2.69.198
Microsoft SQL Server,10.2.69.221
Microsoft SQL Server,10.2.69.246
Microsoft SQL Server,10.2.69.247
Microsoft SQL Server,10.2.69.250
Microsoft SQL Server,10.2.69.30
Microsoft SQL Server,10.2.69.55
Microsoft SQL Server,10.2.69.7
Microsoft SQL Server,10.2.69.81
Microsoft SQL Server,10.2.69.89
Microsoft SQL Server,10.2.69.94
Microsoft SQL Server,10.2.70.104
Microsoft SQL Server,10.2.70.106
Microsoft SQL Server,10.2.70.13
Microsoft SQL Server,10.2.70.135
Microsoft SQL Server,10.2.70.141
Microsoft SQL Server,10.2.70.150
Microsoft SQL Server,10.2.70.163
Microsoft SQL Server,10.2.70.165
Microsoft SQL Server,10.2.70.167
Microsoft SQL Server,10.2.70.179
Microsoft SQL Server,10.2.70.181
Microsoft SQL Server,10.2.70.183
Microsoft SQL Server,10.2.70.189
Microsoft SQL Server,10.2.70.197
Microsoft SQL Server,10.2.70.207
Microsoft SQL Server,10.2.70.222
Microsoft SQL Server,10.2.70.223
Microsoft SQL Server,10.2.70.240
Microsoft SQL Server,10.2.70.247
Microsoft SQL Server,10.2.70.38
Microsoft SQL Server,10.2.70.44
Microsoft SQL Server,10.2.70.48
Microsoft SQL Server,10.2.70.5
Microsoft SQL Server,10.2.70.65
Microsoft SQL Server,10.2.70.73
Microsoft SQL Server,10.2.70.82
Microsoft SQL Server,10.2.70.85
Microsoft SQL Server,10.2.71.112
Microsoft SQL Server,10.2.71.14
Microsoft SQL Server,10.2.71.143
Microsoft SQL Server,10.2.71.150
Microsoft SQL Server,10.2.71.154
Microsoft SQL Server,10.2.71.167
Microsoft SQL Server,10.2.71.174
Microsoft SQL Server,10.2.71.39
Microsoft SQL Server,10.2.71.42
Microsoft SQL Server,10.2.71.45
Microsoft SQL Server,10.2.71.57
Microsoft SQL Server,10.2.71.67
Microsoft SQL Server,10.2.71.7
Microsoft SQL Server,10.2.71.91
Microsoft SQL Server,10.2.71.97
Microsoft SQL Server,10.2.74.144
Microsoft SQL Server,10.2.74.174
Microsoft SQL Server,10.2.74.193
Microsoft SQL Server,10.2.74.228
Microsoft SQL Server,10.2.74.45
Microsoft SQL Server,10.2.74.51
Microsoft SQL Server,10.2.74.52
Microsoft SQL Server,10.2.74.54
Microsoft SQL Server,10.2.74.88
Microsoft SQL Server,10.2.74.93
Microsoft SQL Server,10.2.75.101
Microsoft SQL Server,10.2.75.104
Microsoft SQL Server,10.2.75.112
Microsoft SQL Server,10.2.75.133
Microsoft SQL Server,10.2.75.137
Microsoft SQL Server,10.2.75.163
Microsoft SQL Server,10.2.75.164
Microsoft SQL Server,10.2.75.171
Microsoft SQL Server,10.2.75.18
Microsoft SQL Server,10.2.75.232
Microsoft SQL Server,10.2.75.81
Microsoft SQL Server,10.2.76.115
Microsoft SQL Server,10.2.76.14
Microsoft SQL Server,10.2.76.159
Microsoft SQL Server,10.2.76.39
Microsoft SQL Server,10.2.76.47
Microsoft SQL Server,10.2.76.58
Microsoft SQL Server,10.2.76.94
Microsoft SQL Server,10.2.76.97
Microsoft SQL Server,10.2.77.224
Microsoft SQL Server,10.2.77.240
Microsoft SQL Server,10.2.77.255
Microsoft SQL Server,10.2.78.94
Microsoft SQL Server,10.2.8.112
Microsoft SQL Server,10.2.8.113
Microsoft SQL Server,10.2.8.114
Microsoft SQL Server,10.2.8.116
Microsoft SQL Server,10.2.8.118
Microsoft SQL Server,10.2.8.15
Microsoft SQL Server,10.2.8.204
Microsoft SQL Server,10.2.8.205
Microsoft SQL Server,10.2.8.214
Microsoft SQL Server,10.2.8.220
Microsoft SQL Server,10.2.8.239
Microsoft SQL Server,10.2.8.243
Microsoft SQL Server,10.2.8.247
Microsoft SQL Server,10.2.8.68
Microsoft SQL Server,10.2.89.159
Microsoft SQL Server,10.2.89.203
Microsoft SQL Server,10.2.89.208
Microsoft SQL Server,10.2.9.111
Microsoft SQL Server,10.2.9.124
Microsoft SQL Server,10.2.9.145
Microsoft SQL Server,10.2.9.172
Microsoft SQL Server,10.2.9.19
Microsoft SQL Server,10.2.9.34
Microsoft SQL Server,10.2.9.40
Microsoft SQL Server,10.2.9.42
Microsoft SQL Server,10.2.97.207
Microsoft SQL Server,10.2.9.76
Microsoft SQL Server,10.2.9.79
Microsoft SQL Server,10.2.97.99
Microsoft SQL Server,10.2.9.87
Microsoft SQL Server,10.2.9.99
Microsoft Visio,10.2.0.104
Microsoft Visio,10.2.0.108
Microsoft Visio,10.2.0.112
Microsoft Visio,10.2.100.118
Microsoft Visio,10.2.100.135
Microsoft Visio,10.2.100.156
Microsoft Visio,10.2.100.176
Microsoft Visio,10.2.100.191
Microsoft Visio,10.2.100.222
Microsoft Visio,10.2.100.28
Microsoft Visio,10.2.100.51
Microsoft Visio,10.2.100.65
Microsoft Visio,10.2.100.66
Microsoft Visio,10.2.100.74
Microsoft Visio,10.2.100.87
Microsoft Visio,10.2.101.176
Microsoft Visio,10.2.101.22
Microsoft Visio,10.2.101.225
Microsoft Visio,10.2.101.241
Microsoft Visio,10.2.101.64
Microsoft Visio,10.2.101.85
Microsoft Visio,10.2.10.209
Microsoft Visio,10.2.102.100
Microsoft Visio,10.2.102.102
Microsoft Visio,10.2.102.113
Microsoft Visio,10.2.102.115
Microsoft Visio,10.2.102.178
Microsoft Visio,10.2.10.22
Microsoft Visio,10.2.102.228
Microsoft Visio,10.2.102.236
Microsoft Visio,10.2.102.81
Microsoft Visio,10.2.102.90
Microsoft Visio,10.2.102.93
Microsoft Visio,10.2.103.0
Microsoft Visio,10.2.103.159
Microsoft Visio,10.2.103.181
Microsoft Visio,10.2.10.9
Microsoft Visio,10.2.10.90
Microsoft Visio,10.2.11.85
Microsoft Visio,10.2.12.157
Microsoft Visio,10.2.14.84
Microsoft Visio,10.22.28.131
Microsoft Visio,10.22.28.143
Microsoft Visio,10.22.28.3
Microsoft Visio,10.22.28.48
Microsoft Visio,10.22.28.50
Microsoft Visio,10.22.28.52
Microsoft Visio,10.22.28.53
Microsoft Visio,10.22.28.80
Microsoft Visio,10.22.29.2
Microsoft Visio,10.22.31.180
Microsoft Visio,10.2.40.218
Microsoft Visio,10.2.42.119
Microsoft Visio,10.2.42.153
Microsoft Visio,10.2.42.187
Microsoft Visio,10.2.42.221
Microsoft Visio,10.2.42.224
Microsoft Visio,10.2.42.241
Microsoft Visio,10.2.42.253
Microsoft Visio,10.2.42.3
Microsoft Visio,10.2.42.31
Microsoft Visio,10.2.42.46
Microsoft Visio,10.2.42.87
Microsoft Visio,10.2.43.101
Microsoft Visio,10.2.43.119
Microsoft Visio,10.2.43.159
Microsoft Visio,10.2.43.180
Microsoft Visio,10.2.43.239
Microsoft Visio,10.2.43.99
Microsoft Visio,10.2.44.158
Microsoft Visio,10.2.44.160
Microsoft Visio,10.2.44.195
Microsoft Visio,10.2.44.196
Microsoft Visio,10.2.44.210
Microsoft Visio,10.2.44.224
Microsoft Visio,10.2.44.54
Microsoft Visio,10.2.45.13
Microsoft Visio,10.2.45.183
Microsoft Visio,10.2.45.198
Microsoft Visio,10.2.45.20
Microsoft Visio,10.2.45.50
Microsoft Visio,10.2.45.6
Microsoft Visio,10.2.45.69
Microsoft Visio,10.2.45.86
Microsoft Visio,10.2.52.10
Microsoft Visio,10.2.52.18
Microsoft Visio,10.2.66.113
Microsoft Visio,10.2.66.122
Microsoft Visio,10.2.66.15
Microsoft Visio,10.2.66.198
Microsoft Visio,10.2.66.211
Microsoft Visio,10.2.66.217
Microsoft Visio,10.2.66.31
Microsoft Visio,10.2.66.82
Microsoft Visio,10.2.66.89
Microsoft Visio,10.2.67.143
Microsoft Visio,10.2.67.154
Microsoft Visio,10.2.67.16
Microsoft Visio,10.2.67.161
Microsoft Visio,10.2.67.185
Microsoft Visio,10.2.67.202
Microsoft Visio,10.2.67.210
Microsoft Visio,10.2.67.220
Microsoft Visio,10.2.67.221
Microsoft Visio,10.2.67.231
Microsoft Visio,10.2.67.29
Microsoft Visio,10.2.67.76
Microsoft Visio,10.2.67.96
Microsoft Visio,10.2.68.11
Microsoft Visio,10.2.68.110
Microsoft Visio,10.2.68.14
Microsoft Visio,10.2.68.149
Microsoft Visio,10.2.68.166
Microsoft Visio,10.2.68.173
Microsoft Visio,10.2.68.175
Microsoft Visio,10.2.68.177
Microsoft Visio,10.2.68.182
Microsoft Visio,10.2.68.208
Microsoft Visio,10.2.68.62
Microsoft Visio,10.2.68.63
Microsoft Visio,10.2.69.10
Microsoft Visio,10.2.69.150
Microsoft Visio,10.2.69.164
Microsoft Visio,10.2.69.215
Microsoft Visio,10.2.69.235
Microsoft Visio,10.2.69.254
Microsoft Visio,10.2.69.28
Microsoft Visio,10.2.69.3
Microsoft Visio,10.2.69.55
Microsoft Visio,10.2.69.7
Microsoft Visio,10.2.69.81
Microsoft Visio,10.2.70.104
Microsoft Visio,10.2.70.107
Microsoft Visio,10.2.70.116
Microsoft Visio,10.2.70.141
Microsoft Visio,10.2.70.163
Microsoft Visio,10.2.70.167
Microsoft Visio,10.2.70.179
Microsoft Visio,10.2.70.181
Microsoft Visio,10.2.70.20
Microsoft Visio,10.2.70.23
Microsoft Visio,10.2.70.238
Microsoft Visio,10.2.70.240
Microsoft Visio,10.2.70.241
Microsoft Visio,10.2.70.38
Microsoft Visio,10.2.70.44
Microsoft Visio,10.2.70.5
Microsoft Visio,10.2.70.65
Microsoft Visio,10.2.70.73
Microsoft Visio,10.2.70.85
Microsoft Visio,10.2.70.9
Microsoft Visio,10.2.70.94
Microsoft Visio,10.2.71.112
Microsoft Visio,10.2.71.116
Microsoft Visio,10.2.71.143
Microsoft Visio,10.2.71.154
Microsoft Visio,10.2.71.174
Microsoft Visio,10.2.71.39
Microsoft Visio,10.2.71.4
Microsoft Visio,10.2.71.42
Microsoft Visio,10.2.71.43
Microsoft Visio,10.2.71.45
Microsoft Visio,10.2.71.56
Microsoft Visio,10.2.71.80
Microsoft Visio,10.2.74.10
Microsoft Visio,10.2.74.45
Microsoft Visio,10.2.74.51
Microsoft Visio,10.2.74.52
Microsoft Visio,10.2.74.54
Microsoft Visio,10.2.74.93
Microsoft Visio,10.2.75.101
Microsoft Visio,10.2.75.104
Microsoft Visio,10.2.75.128
Microsoft Visio,10.2.75.137
Microsoft Visio,10.2.75.92
Microsoft Visio,10.2.77.224
Microsoft Visual Studio,10.2.0.90
Microsoft Visual Studio,10.2.100.76
Microsoft Visual Studio,10.2.100.87
Microsoft Visual Studio,10.2.10.131
Microsoft Visual Studio,10.2.10.156
Microsoft Visual Studio,10.2.10.163
Microsoft Visual Studio,10.2.101.63
Microsoft Visual Studio,10.2.10.190
Microsoft Visual Studio,10.2.10.208
Microsoft Visual Studio,10.2.102.113
Microsoft Visual Studio,10.2.102.115
Microsoft Visual Studio,10.2.10.214
Microsoft Visual Studio,10.2.102.228
Microsoft Visual Studio,10.2.10.26
Microsoft Visual Studio,10.2.10.36
Microsoft Visual Studio,10.2.10.37
Microsoft Visual Studio,10.2.103.73
Microsoft Visual Studio,10.2.10.80
Microsoft Visual Studio,10.2.1.107
Microsoft Visual Studio,10.2.11.105
Microsoft Visual Studio,10.2.11.110
Microsoft Visual Studio,10.2.11.112
Microsoft Visual Studio,10.2.11.130
Microsoft Visual Studio,10.2.11.221
Microsoft Visual Studio,10.2.1.126
Microsoft Visual Studio,10.2.12.10
Microsoft Visual Studio,10.2.12.188
Microsoft Visual Studio,10.2.13.0
Microsoft Visual Studio,10.2.13.146
Microsoft Visual Studio,10.2.13.190
Microsoft Visual Studio,10.2.14.65
Microsoft Visual Studio,10.2.17.221
Microsoft Visual Studio,10.2.42.241
Microsoft Visual Studio,10.2.52.29
Microsoft Visual Studio,10.2.66.122
Microsoft Visual Studio,10.2.66.236
Microsoft Visual Studio,10.2.67.143
Microsoft Visual Studio,10.2.67.249
Microsoft Visual Studio,10.2.67.254
Microsoft Visual Studio,10.2.67.35
Microsoft Visual Studio,10.2.67.57
Microsoft Visual Studio,10.2.67.65
Microsoft Visual Studio,10.2.68.2
Microsoft Visual Studio,10.2.68.237
Microsoft Visual Studio,10.2.68.82
Microsoft Visual Studio,10.2.69.157
Microsoft Visual Studio,10.2.69.212
Microsoft Visual Studio,10.2.70.13
Microsoft Visual Studio,10.2.70.150
Microsoft Visual Studio,10.2.70.165
Microsoft Visual Studio,10.2.70.207
Microsoft Visual Studio,10.2.70.223
Microsoft Visual Studio,10.2.70.240
Microsoft Visual Studio,10.2.70.38
Microsoft Visual Studio,10.2.70.48
Microsoft Visual Studio,10.2.70.5
Microsoft Visual Studio,10.2.71.154
Microsoft Visual Studio,10.2.71.42
Microsoft Visual Studio,10.2.71.67
Microsoft Visual Studio,10.2.71.7
Microsoft Visual Studio,10.2.75.101
Microsoft Visual Studio,10.2.8.112
Microsoft Visual Studio,10.2.8.113
Microsoft Visual Studio,10.2.8.114
Microsoft Visual Studio,10.2.8.118
Microsoft Visual Studio,10.2.8.30
Microsoft Visual Studio,10.2.9.111
Microsoft Visual Studio,10.2.9.172
Microsoft Visual Studio,10.2.9.19
Microsoft Visual Studio,10.2.9.79
Microsoft Visual Studio,10.2.9.99
Oracle Toad,10.2.52.38
Oracle WebLogic,10.2.10.163
Oracle WebLogic,10.2.10.90
Oracle WebLogic,10.2.1.107
Oracle WebLogic,10.2.11.105
Oracle WebLogic,10.2.12.99
Oracle WebLogic,10.2.14.66
Oracle WebLogic,10.2.14.76
Oracle WebLogic,10.2.14.84
Oracle WebLogic,10.2.1.66
Oracle WebLogic,10.2.1.69
Oracle WebLogic,10.2.43.180
Oracle WebLogic,10.2.57.230
Oracle WebLogic,10.2.57.243
Oracle WebLogic,10.2.66.26
Oracle WebLogic,10.2.67.228
Oracle WebLogic,10.2.69.3
Oracle WebLogic,10.2.70.164
Oracle WebLogic,10.2.70.94
Oracle WebLogic,10.2.71.150
Oracle WebLogic,10.2.71.45
Oracle WebLogic,10.2.71.56
Quest SQL,10.2.52.38
Quest SQL,10.2.67.50
Sybase PowerBuilder,10.2.66.189
Sybase PowerBuilder,10.2.66.246
Sybase PowerBuilder,10.2.66.8
Sybase PowerBuilder,10.2.67.32
Sybase PowerBuilder,10.2.67.94
Sybase PowerBuilder,10.2.68.149
Sybase PowerBuilder,10.2.68.165
Sybase PowerBuilder,10.2.69.81
Sybase PowerBuilder,10.2.70.197
Sybase PowerDesigner,10.2.100.136
Sybase PowerDesigner,10.2.100.177
Sybase PowerDesigner,10.2.100.198
Sybase PowerDesigner,10.2.101.170
Sybase PowerDesigner,10.2.101.199
Sybase PowerDesigner,10.2.101.254
Sybase PowerDesigner,10.2.10.146
Sybase PowerDesigner,10.2.10.173
Sybase PowerDesigner,10.2.102.166
Sybase PowerDesigner,10.2.11.108
Sybase PowerDesigner,10.2.11.144
Sybase PowerDesigner,10.2.11.147
Sybase PowerDesigner,10.2.11.196
Sybase PowerDesigner,10.2.11.54
Sybase PowerDesigner,10.2.11.58
Sybase PowerDesigner,10.2.11.60
Sybase PowerDesigner,10.2.11.70
Sybase PowerDesigner,10.2.12.134
Sybase PowerDesigner,10.2.12.149
Sybase PowerDesigner,10.2.12.150
Sybase PowerDesigner,10.2.12.187
Sybase PowerDesigner,10.2.12.55
Sybase PowerDesigner,10.2.12.87
Sybase PowerDesigner,10.2.13.150
Sybase PowerDesigner,10.2.13.160
Sybase PowerDesigner,10.2.13.18
Sybase PowerDesigner,10.2.13.234
Sybase PowerDesigner,10.2.13.73
Sybase PowerDesigner,10.2.13.74
Sybase PowerDesigner,10.2.13.78
Sybase PowerDesigner,10.2.13.98
Sybase PowerDesigner,10.22.28.115
Sybase PowerDesigner,10.22.28.118
Sybase PowerDesigner,10.22.28.131
Sybase PowerDesigner,10.22.28.143
Sybase PowerDesigner,10.22.28.146
Sybase PowerDesigner,10.22.28.147
Sybase PowerDesigner,10.22.28.148
Sybase PowerDesigner,10.22.28.181
Sybase PowerDesigner,10.22.28.185
Sybase PowerDesigner,10.22.28.20
Sybase PowerDesigner,10.22.28.22
Sybase PowerDesigner,10.22.28.24
Sybase PowerDesigner,10.22.28.3
Sybase PowerDesigner,10.22.28.36
Sybase PowerDesigner,10.22.28.40
Sybase PowerDesigner,10.22.28.43
Sybase PowerDesigner,10.22.28.44
Sybase PowerDesigner,10.22.28.47
Sybase PowerDesigner,10.22.28.48
Sybase PowerDesigner,10.22.28.50
Sybase PowerDesigner,10.22.28.51
Sybase PowerDesigner,10.22.28.52
Sybase PowerDesigner,10.22.28.53
Sybase PowerDesigner,10.22.28.67
Sybase PowerDesigner,10.22.28.76
Sybase PowerDesigner,10.22.28.80
Sybase PowerDesigner,10.22.28.83
Sybase PowerDesigner,10.22.28.86
Sybase PowerDesigner,10.22.28.89
Sybase PowerDesigner,10.22.28.93
Sybase PowerDesigner,10.22.29.2
Sybase PowerDesigner,10.22.30.132
Sybase PowerDesigner,10.22.30.202
Sybase PowerDesigner,10.22.31.180
Sybase PowerDesigner,10.22.31.198
Sybase PowerDesigner,10.22.31.199
Sybase PowerDesigner,10.22.31.208
Sybase PowerDesigner,10.2.66.16
Sybase PowerDesigner,10.2.66.167
Sybase PowerDesigner,10.2.66.189
Sybase PowerDesigner,10.2.66.198
Sybase PowerDesigner,10.2.66.200
Sybase PowerDesigner,10.2.66.208
Sybase PowerDesigner,10.2.66.21
Sybase PowerDesigner,10.2.66.211
Sybase PowerDesigner,10.2.66.215
Sybase PowerDesigner,10.2.66.217
Sybase PowerDesigner,10.2.66.229
Sybase PowerDesigner,10.2.66.242
Sybase PowerDesigner,10.2.66.246
Sybase PowerDesigner,10.2.66.248
Sybase PowerDesigner,10.2.66.255
Sybase PowerDesigner,10.2.66.60
Sybase PowerDesigner,10.2.66.67
Sybase PowerDesigner,10.2.66.8
Sybase PowerDesigner,10.2.66.94
Sybase PowerDesigner,10.2.67.104
Sybase PowerDesigner,10.2.67.106
Sybase PowerDesigner,10.2.67.117
Sybase PowerDesigner,10.2.67.130
Sybase PowerDesigner,10.2.67.132
Sybase PowerDesigner,10.2.67.136
Sybase PowerDesigner,10.2.67.140
Sybase PowerDesigner,10.2.67.143
Sybase PowerDesigner,10.2.67.151
Sybase PowerDesigner,10.2.67.16
Sybase PowerDesigner,10.2.67.161
Sybase PowerDesigner,10.2.67.172
Sybase PowerDesigner,10.2.67.188
Sybase PowerDesigner,10.2.67.2
Sybase PowerDesigner,10.2.67.202
Sybase PowerDesigner,10.2.67.214
Sybase PowerDesigner,10.2.67.220
Sybase PowerDesigner,10.2.67.223
Sybase PowerDesigner,10.2.67.228
Sybase PowerDesigner,10.2.67.23
Sybase PowerDesigner,10.2.67.231
Sybase PowerDesigner,10.2.67.240
Sybase PowerDesigner,10.2.67.252
Sybase PowerDesigner,10.2.67.29
Sybase PowerDesigner,10.2.67.32
Sybase PowerDesigner,10.2.67.34
Sybase PowerDesigner,10.2.67.39
Sybase PowerDesigner,10.2.67.44
Sybase PowerDesigner,10.2.67.57
Sybase PowerDesigner,10.2.67.73
Sybase PowerDesigner,10.2.67.75
Sybase PowerDesigner,10.2.67.76
Sybase PowerDesigner,10.2.67.77
Sybase PowerDesigner,10.2.67.86
Sybase PowerDesigner,10.2.67.94
Sybase PowerDesigner,10.2.67.96
Sybase PowerDesigner,10.2.67.97
Sybase PowerDesigner,10.2.67.99
Sybase PowerDesigner,10.2.68.10
Sybase PowerDesigner,10.2.68.116
Sybase PowerDesigner,10.2.68.141
Sybase PowerDesigner,10.2.68.142
Sybase PowerDesigner,10.2.68.149
Sybase PowerDesigner,10.2.68.158
Sybase PowerDesigner,10.2.68.165
Sybase PowerDesigner,10.2.68.166
Sybase PowerDesigner,10.2.68.178
Sybase PowerDesigner,10.2.68.18
Sybase PowerDesigner,10.2.68.186
Sybase PowerDesigner,10.2.68.190
Sybase PowerDesigner,10.2.68.196
Sybase PowerDesigner,10.2.68.210
Sybase PowerDesigner,10.2.68.226
Sybase PowerDesigner,10.2.68.229
Sybase PowerDesigner,10.2.68.233
Sybase PowerDesigner,10.2.68.3
Sybase PowerDesigner,10.2.68.76
Sybase PowerDesigner,10.2.68.77
Sybase PowerDesigner,10.2.69.116
Sybase PowerDesigner,10.2.69.128
Sybase PowerDesigner,10.2.69.130
Sybase PowerDesigner,10.2.69.133
Sybase PowerDesigner,10.2.69.134
Sybase PowerDesigner,10.2.69.139
Sybase PowerDesigner,10.2.69.151
Sybase PowerDesigner,10.2.69.169
Sybase PowerDesigner,10.2.69.177
Sybase PowerDesigner,10.2.69.180
Sybase PowerDesigner,10.2.69.182
Sybase PowerDesigner,10.2.69.193
Sybase PowerDesigner,10.2.69.198
Sybase PowerDesigner,10.2.69.2
Sybase PowerDesigner,10.2.69.207
Sybase PowerDesigner,10.2.69.220
Sybase PowerDesigner,10.2.69.221
Sybase PowerDesigner,10.2.69.24
Sybase PowerDesigner,10.2.69.250
Sybase PowerDesigner,10.2.69.251
Sybase PowerDesigner,10.2.69.31
Sybase PowerDesigner,10.2.69.36
Sybase PowerDesigner,10.2.69.81
Sybase PowerDesigner,10.2.69.95
Sybase PowerDesigner,10.2.69.97
Sybase PowerDesigner,10.2.70.106
Sybase PowerDesigner,10.2.70.116
Sybase PowerDesigner,10.2.70.13
Sybase PowerDesigner,10.2.70.130
Sybase PowerDesigner,10.2.70.157
Sybase PowerDesigner,10.2.70.163
Sybase PowerDesigner,10.2.70.164
Sybase PowerDesigner,10.2.70.165
Sybase PowerDesigner,10.2.70.186
Sybase PowerDesigner,10.2.70.189
Sybase PowerDesigner,10.2.70.197
Sybase PowerDesigner,10.2.70.20
Sybase PowerDesigner,10.2.70.207
Sybase PowerDesigner,10.2.70.23
Sybase PowerDesigner,10.2.70.238
Sybase PowerDesigner,10.2.70.3
Sybase PowerDesigner,10.2.70.35
Sybase PowerDesigner,10.2.70.41
Sybase PowerDesigner,10.2.70.44
Sybase PowerDesigner,10.2.70.5
Sybase PowerDesigner,10.2.70.56
Sybase PowerDesigner,10.2.70.8
Sybase PowerDesigner,10.2.70.82
Sybase PowerDesigner,10.2.70.83
Sybase PowerDesigner,10.2.70.85
Sybase PowerDesigner,10.2.70.9
Sybase PowerDesigner,10.2.70.94
Sybase PowerDesigner,10.2.71.150
Sybase PowerDesigner,10.2.71.16
Sybase PowerDesigner,10.2.71.171
Sybase PowerDesigner,10.2.71.4
Sybase PowerDesigner,10.2.71.43
Sybase PowerDesigner,10.2.71.56
Sybase PowerDesigner,10.2.71.67
Sybase PowerDesigner,10.2.71.76
Sybase PowerDesigner,10.2.74.10
Sybase PowerDesigner,10.2.74.174
Sybase PowerDesigner,10.2.74.193
Sybase PowerDesigner,10.2.74.201
Sybase PowerDesigner,10.2.74.51
Sybase PowerDesigner,10.2.74.52
Sybase PowerDesigner,10.2.74.54
Sybase PowerDesigner,10.2.74.88
Sybase PowerDesigner,10.2.74.93
Sybase PowerDesigner,10.2.75.112
Sybase PowerDesigner,10.2.75.164
Sybase PowerDesigner,10.2.75.232
Sybase PowerDesigner,10.2.76.159
Sybase PowerDesigner,10.2.76.39
Sybase PowerDesigner,10.2.76.58
Sybase PowerDesigner,10.2.76.97
Sybase PowerDesigner,10.2.77.224
Sybase PowerDesigner,10.2.77.240
Sybase PowerDesigner,10.2.77.255
Sybase PowerDesigner,10.2.77.31
Sybase PowerDesigner,10.2.78.94
Sybase PowerDesigner,10.2.8.209
Sybase PowerDesigner,10.2.9.129
Sybase PowerDesigner,10.2.9.145
Sybase PowerDesigner,10.2.9.148
Sybase PowerDesigner,10.2.9.40
Sybase PowerDesigner,10.2.9.63
Sybase PowerDesigner,10.2.9.87
