10.2.0.113;"BRQ\anamarques"
10.2.0.114;"BRQ\marcianascimento"
10.2.0.115;"BRQ\flemos"
10.2.0.116;"BRQ\carlosnascimento"
10.2.0.117;"BRQ\niltongoncalves"
10.2.0.118;"BRQ\janekelly"
10.2.0.120;"BRQ\gnigro"
10.2.0.121;"BRQ\andreiarodrigues"
10.2.0.122;"BRQ\daniellerego"
10.2.0.123;"BRQ\alexandrecosta"
10.2.0.124;"BRQ\mcardoso"
10.2.0.125;"BRQ\meryreis"
10.2.0.126;"BRQ\ealvessantos"
10.2.0.127;"BRQ\nmota"
10.2.0.128;"BRQ\amandamlima"
10.2.0.129;"BRQ\costen"
10.2.0.134;"BRQ\marcianascimento"
10.2.0.136;"BRQ\aclima"
10.2.0.222;"VCENTERSP\hmlocal"
10.2.100.10;"BRQ\jadersilva"
10.2.100.110;"BRQ\gleiciar"
10.2.100.115;"BRQ\snovaes"
10.2.100.118;"BRQ\michaelsantos"
10.2.100.121;"BRQ\lfederici"
10.2.100.124;"BRQ\jmarins"
10.2.100.127;"BRQ\mmenezes"
10.2.100.130;"BRQ\rferrao"
10.2.100.133;"BRQ\denislopes"
10.2.100.135;"BRQ\daviddovalle"
10.2.100.136;"BRQ\julianaguimaraes"
10.2.100.142;"BRQ\brunobgw"
10.2.100.143;"BRQ\mpaschoal"
10.2.100.151;"BRQ\pfogaca"
10.2.100.155;"BRQ\msobrinho"
10.2.100.156;"BRQ\jlello"
10.2.100.161;"BRQ\vanessamoraes"
10.2.100.171;"BRQ\mfonseca"
10.2.100.174;"BRQ\ctausz"
10.2.100.176;"BRQ\flaviamacedo"
10.2.100.177;"BRQ\andersonbarbosa"
10.2.100.178;"BRQ\lfederici"
10.2.100.179;"BRQ\psantos"
10.2.100.185;"BRQ\gribeiro"
10.2.100.187;"BRQ\gcmendes"
10.2.100.18;"BRQ\izabel"
10.2.100.190;"BRQ\mromagnoli"
10.2.100.191;"BRQ\aroosevelt"
10.2.100.194;"BRQ\daniellerego"
10.2.100.198;"BRQ\felipeoliveira"
10.2.100.199;"BRQ\vsena"
10.2.100.209;"BRQ\snovaes"
10.2.100.221;"BRQ\meryreis"
10.2.100.222;"BRQ\cmagaldi"
10.2.100.230;"BRQ\rpierre"
10.2.100.233;"BRQ\cfelicio"
10.2.100.234;"BRQ\rafaellacerda"
10.2.100.235;"BRQ\lmendonca"
10.2.100.236;"BRQ\rbpsilva_fteo"
10.2.100.238;"jmarins"
10.2.100.239;"BRQ\andreasouza"
10.2.100.240;"BRQ\patriciazorzan"
10.2.100.241;"BRQ\levyguimaraes"
10.2.100.246;"BRQ\gloriamoreira"
10.2.100.254;"BRQ\salmeida"
10.2.100.26;"BRQ\gleice"
10.2.100.27;"BRQ\fafernandes"
10.2.100.28;"BRQ\jbusch"
10.2.100.36;"BRQ\sergioluigi"
10.2.100.41;"BRQ\mcorrea"
10.2.100.44;"BRQ\pmariano"
10.2.100.4;"BRQ\julianopereira"
10.2.100.50;"BRQ\guilhermeassis"
10.2.100.51;"BRQ\lvieira"
10.2.100.53;"BRQ\felipebrum"
10.2.100.59;"jgomes"
10.2.100.63;"BRQ\marcianascimento"
10.2.100.65;"BRQ\rleao"
10.2.100.66;"jmesquita"
10.2.100.69;"BRQ\asantiago"
10.2.100.74;"BRQ\leandrofurini"
10.2.100.76;"BRQ\fquintanilha"
10.2.100.77;"BRQ\augustofonseca"
10.2.100.7;"BRQ\rpedrosa"
10.2.100.80;"BRQ\valbarbato"
10.2.100.81;"BRQ\gcampos"
10.2.100.82;"BRQ\edmomello"
10.2.100.83;"BRQ\andreafrazao"
10.2.100.85;"BRQ\patricialucas"
10.2.100.86;"BRQ\sergiopereira"
10.2.100.87;"BRQ\cnbarbosa"
10.2.100.88;"BRQ\jtc"
10.2.100.93;"BRQ\wagnerrodrigues"
10.2.100.94;"BRQ\adolfodouahy"
10.2.100.95;"BRQ\priscilacardozo"
10.2.100.97;"BRQ\mtfontes"
10.2.101.0;"BRQ\renansena"
10.2.101.100;"cdeulefeu"
10.2.101.104;"BRQ\darlancaldas"
10.2.101.107;"BRQ\smsilva"
10.2.101.108;"BRQ\fnicodemos"
10.2.101.10;"BRQ\amandamlima"
10.2.101.121;"BRQ\hugop"
10.2.101.128;"BRQ\guilhermeviana"
10.2.101.12;"BRQ\llabio"
10.2.101.130;"BRQ\diogovalim"
10.2.101.131;"BRQ\danilosilva"
10.2.101.134;"BRQ\ppassos"
10.2.101.136;"BRQ\anamartins"
10.2.101.138;"BRQ\rafaellacerda"
10.2.101.13;"cmelo_fteo"
10.2.101.140;"BRQ\fernandabispo"
10.2.101.142;"BRQ\ahogemann"
10.2.101.14;"BRQ\kamyllasouza"
10.2.101.151;"BRQ\claytonoliveira"
10.2.101.156;"BRQ\lnsilva"
10.2.101.162;"BRQ\gbastos"
10.2.101.167;"BRQ\tmedeiros"
10.2.101.169;"BRQ\mjezuz"
10.2.101.16;"BRQ\luciaparecida"
10.2.101.170;"BRQ\lgfranco"
10.2.101.174;"BRQ\eprata"
10.2.101.176;"BRQ\andersonas"
10.2.101.178;"BRQ\dsuarez"
10.2.101.181;"BRQ\murilolopes"
10.2.101.190;"BRQ\sidneiesteves"
10.2.101.191;"BRQ\netonemer"
10.2.101.193;"BRQ\waltermuniz"
10.2.101.195;"BRQ\jlello"
10.2.101.198;"BRQ\tomazcorrea"
10.2.101.199;"BRQ\leandrochaves"
10.2.101.19;"BRQ\marcosgarcia"
10.2.101.201;"BRQ\marcosgarcia"
10.2.101.206;"BRQ\simonegomes"
10.2.101.20;"BRQ\livaniosilva"
10.2.101.214;"BRQ\fohana"
10.2.101.217;"BRQ\gabrielbittencourt"
10.2.101.225;"BRQ\vanessafigueira"
10.2.101.226;"BRQ\diogosouza"
10.2.101.227;"BRQ\hugop"
10.2.101.229;"BRQ\marcianascimento"
10.2.101.22;"BRQ\gsoliveira"
10.2.101.241;"BRQ\vamorim"
10.2.101.243;"BRQ\sergiosilva"
10.2.101.244;"BRQ\ricardocouto"
10.2.101.247;"BRQ\mfonseca"
10.2.101.253;"BRQ\sergiosilva"
10.2.101.254;"BRQ\julianaguimaraes"
10.2.10.125;"BRQ\eliasalves"
10.2.101.2;"BRQ\anamarques"
10.2.10.12;"BRQ\dmenna"
10.2.10.130;"BRQ\nayaneramos"
10.2.10.131;"BRQ\jeremiassantos"
10.2.10.134;"BRQ\felipekuhnen"
10.2.10.136;"BRQ\fatherino"
10.2.101.36;"BRQ\rbleckmann"
10.2.10.142;"BRQ\rcsilveira"
10.2.101.43;"BRQ\rpedrosa"
10.2.101.44;"BRQ\gcarmo"
10.2.10.146;"BRQ\Rgoulart"
10.2.101.46;"BRQ\tamiriscanejo"
10.2.101.51;"BRQ\pmarques"
10.2.101.55;"BRQ\luiza"
10.2.10.156;"BRQ\diegoeduardo"
10.2.101.58;"BRQ\rfreitas"
10.2.101.5;"BRQ\pedrosantiago"
10.2.101.60;"BRQ\cristianealmeida"
10.2.101.61;"BRQ\hugop"
10.2.101.62;"BRQ\jgomes"
10.2.10.163;"BRQ\adrianodib"
10.2.101.63;"BRQ\mgsouza"
10.2.101.64;"BRQ\josesantos"
10.2.101.66;"BRQ\pcaldeira"
10.2.10.16;"BRQ\wallysonrenato"
10.2.10.173;"BRQ\lucaseduardo"
10.2.101.77;"BRQ\igorsilva"
10.2.101.81;"BRQ\tcruz"
10.2.101.82;"BRQ\lucasrodrigues"
10.2.101.85;"BRQ\vanessafigueira"
10.2.101.86;"BRQ\mariobruno"
10.2.10.190;"BRQ\kenjialberto"
10.2.101.92;"afonseca"
10.2.10.197;"BRQ\wsantiago"
10.2.10.19;"BRQ\esrocha"
10.2.101.9;"BRQ\niltongoncalves"
10.2.10.202;"BRQ\mmorgado"
10.2.10.208;"BRQ\thiagohsouza"
10.2.10.209;"BRQ\pmiranda"
10.2.102.100;"BRQ\aantunes"
10.2.102.102;"BRQ\aantunes"
10.2.102.104;"BRQ\rdelboni"
10.2.102.107;"BRQ\rmoliveira"
10.2.102.110;"BRQ\lpalmeiro"
10.2.102.113;"BRQ\vbezerra"
10.2.102.115;"BRQ\vbezerra"
10.2.102.116;"BRQ\pascoal"
10.2.102.126;"BRQ\vvellozo"
10.2.102.130;"BRQ\raulmmorais"
10.2.102.134;"BRQ\mvianna"
10.2.102.136;"BRQ\alexandrevenancio"
10.2.102.145;"BRQ\vpsouza"
10.2.10.214;"BRQ\rafaelwitt"
10.2.102.152;"BRQ\flaviosilviano"
10.2.102.153;"BRQ\hugocamargo"
10.2.102.156;"BRQ\apsoares"
10.2.102.158;"BRQ\eprata"
10.2.102.161;"BRQ\giselesabb"
10.2.102.162;"BRQ\augustomagalhaes"
10.2.102.163;"BRQ\giselesabb"
10.2.102.165;"BRQ\ricardocouto"
10.2.102.166;"BRQ\daniellefernandes"
10.2.102.167;"BRQ\denislopes"
10.2.102.168;"BRQ\andreafrazao"
10.2.102.174;"BRQ\rafaelassumpcao"
10.2.102.177;"BRQ\sergiopereira"
10.2.102.178;"BRQ\andersonas"
10.2.102.195;"BRQ\jgauciniski"
10.2.102.197;"BRQ\vivianyrodrigues"
10.2.102.205;"BRQ\monica"
10.2.102.20;"BRQ\apezzino"
10.2.102.210;"BRQ\simonegomes"
10.2.102.213;"BRQ\rsampaio"
10.2.102.218;"BRQ\marcellecaroline"
10.2.102.222;"BRQ\reamco"
10.2.102.225;"BRQ\walmirrocha"
10.2.102.227;"BRQ\vfraga"
10.2.102.228;"BRQ\afonseca"
10.2.102.231;"BRQ\leandrotavares"
10.2.102.236;"BRQ\rpizao"
10.2.102.247;"BRQ\joaomarzullo"
10.2.102.24;"BRQ\mfonseca"
10.2.102.26;"BRQ\sandraalmeida"
10.2.10.228;"BRQ\diegocordeiro"
10.2.10.22;"BRQ\pmiranda"
10.2.102.31;"BRQ\anakrieger"
10.2.102.32;"BRQ\reamco"
10.2.102.33;"BRQ\eduardofigueiredo"
10.2.102.34;"BRQ\mcardoso"
10.2.102.37;"BRQ\gnigro"
10.2.10.240;"BRQ\eduardomendes"
10.2.102.41;"BRQ\rafaelmedeiros"
10.2.102.42;"BRQ\juarezsilva"
10.2.102.43;"BRQ\JOAOARAUJO"
10.2.10.244;"BRQ\jaquelinetoliveira"
10.2.102.47;"BRQ\thiagoribeiro"
10.2.102.52;"BRQ\josealbernaz"
10.2.102.55;"BRQ\prfernandes"
10.2.10.25;"BRQ\mateusgarrido"
10.2.102.62;"BRQ\rnascimento"
10.2.102.63;"BRQ\dmarcondes"
10.2.102.67;"BRQ\jksilva"
10.2.102.69;"BRQ\dsuarez"
10.2.10.26;"BRQ\naujalis"
10.2.102.70;"BRQ\cmazzini"
10.2.102.71;"BRQ\jgauciniski"
10.2.102.72;"BRQ\rcrocha"
10.2.102.77;"BRQ\pmatta"
10.2.102.81;"BRQ\jguilherme"
10.2.102.84;"BRQ\cfroes"
10.2.102.85;"BRQ\vtsilva"
10.2.102.88;"BRQ\natanoliveira"
10.2.102.90;"BRQ\elisabete"
10.2.102.92;"BRQ\gilmarfranca"
10.2.102.93;"BRQ\gsoliveira"
10.2.102.95;"BRQ\andrecastro"
10.2.103.0;"BRQ\ncosta"
10.2.103.105;"BRQ\mariaborges"
10.2.103.112;"BRQ\pabloalbertbarbosa"
10.2.103.116;"BRQ\vcastro"
10.2.103.117;"BRQ\arthurgivigir"
10.2.103.12;"BRQ\lcastro"
10.2.103.137;"BRQ\cintiacaetano"
10.2.103.140;"BRQ\jadecsilveira"
10.2.103.142;"BRQ\gjunior"
10.2.103.143;"BRQ\helvioperes"
10.2.103.148;"BRQ\vivianyrodrigues"
10.2.103.14;"BRQ\apezzino"
10.2.103.151;"BRQ\joilduarte"
10.2.103.152;"BRQ\nflima"
10.2.103.154;"BRQ\virginiaeich"
10.2.103.156;"BRQ\rvieira_fteo"
10.2.103.159;"BRQ\eduardosousa"
10.2.103.166;"BRQ\gizelesilva"
10.2.103.172;"BRQ\lnsilva"
10.2.103.177;"BRQ\wallisonfreire"
10.2.103.179;"BRQ\emirmoreira"
10.2.103.181;"BRQ\ivanwrigg"
10.2.103.187;"BRQ\rcgomes"
10.2.103.18;"BRQ\mpaschoal"
10.2.103.191;"BRQ\rcgomes"
10.2.103.22;"BRQ\carlosfurtado"
10.2.103.23;"BRQ\thompson"
10.2.103.25;"BRQ\jlello"
10.2.103.26;"BRQ\marcosgribel"
10.2.103.29;"BRQ\apezzino"
10.2.103.38;"BRQ\rnovaes"
10.2.103.45;"BRQ\caiogreco"
10.2.103.52;"BRQ\gabrielbittencourt"
10.2.103.58;"BRQ\vamorim"
10.2.103.59;"BRQ\lucassilva"
10.2.10.36;"BRQ\diegocordeiro"
10.2.103.6;"BRQ\monica"
10.2.103.70;"BRQ\jorgesilva"
10.2.103.71;"BRQ\fernandobritto"
10.2.103.73;"BRQ\jonathanfonseca"
10.2.103.74;"BRQ\sebastiaomoraes"
10.2.103.77;"BRQ\rguedes"
10.2.103.78;"BRQ\fohana"
10.2.10.37;"BRQ\katiachiyoda"
10.2.103.85;"BRQ\mbrugni"
10.2.103.91;"BRQ\pthiner"
10.2.103.98;"BRQ\lgsilva"
10.2.10.49;"BRQ\alessandrarosa"
10.2.10.6;"BRQ\rafaeljaremtchuk"
10.2.10.76;"BRQ\cristiano"
10.2.10.80;"BRQ\gabrielmylla"
10.2.10.81;"BRQ\cristiano"
10.2.10.90;"BRQ\albertog"
10.2.10.9;"BRQ\leandrofurini"
10.2.11.0;"BRQ\lcalvo"
10.2.11.105;"BRQ\fvalle"
10.2.11.108;"BRQ\danilocasassa"
10.2.11.110;"BRQ\rodrigomartins"
10.2.11.112;"BRQ\eganjos"
10.2.11.118;"BRQ\paulodembiski"
10.2.11.124;"nbma024816\brq"
10.2.11.130;"BRQ\rodrigomartins"
10.2.11.135;"BRQ\mauriciorosa"
10.2.11.136;"BRQ\pialmeida"
10.2.11.144;"BRQ\leoncio"
10.2.11.147;"BRQ\fernandocastro"
10.2.11.156;"BRQ\veralucia"
10.2.11.158;"BRQ\raisasmaniotto"
10.2.11.171;"BRQ\thamirisramos"
10.2.11.195;"BRQ\lcalvo"
10.2.11.196;"BRQ\adimarnossol"
10.2.11.1;"BRQ\smoraes"
10.2.11.203;"BRQ\vjaraujo"
10.2.11.221;"BRQ\fauler"
10.2.11.24;"BRQ\lucascordoves"
10.2.11.251;"BRQ\danielmancia"
10.2.11.254;"BRQ\ejcosta"
10.2.1.128;"drodrigues_pvila"
10.2.1.12;"RJSERVER3\vcenterrj"
10.2.11.50;"BRQ\cbsouza"
10.2.11.54;"BRQ\felicianopk"
10.2.11.58;"BRQ\julianoribeiro"
10.2.11.60;"BRQ\zmateus"
10.2.11.70;"BRQ\sauloyassoyama"
10.2.11.77;"BRQ\diegorangel"
10.2.11.85;"BRQ\leandrofurini"
10.2.11.90;"BRQ\rodrigopereira"
10.2.12.0;"BRQ\erossouza"
10.2.12.100;"BRQ\smoraes"
10.2.12.10;"BRQ\antonioavenor"
10.2.12.112;"BRQ\bbarreto"
10.2.12.115;"BRQ\afragoso"
10.2.12.121;"BRQ\erossouza"
10.2.12.124;"BRQ\vjaraujo"
10.2.12.127;"BRQ\sscalegari"
10.2.12.129;"BRQ\aclima"
10.2.12.134;"BRQ\AMBorges"
10.2.12.139;"BRQ\ipereira"
10.2.12.145;"BRQ\vjaraujo"
10.2.12.149;"BRQ\drodrigues"
10.2.12.150;"BRQ\danilocasassa"
10.2.12.157;"BRQ\vprodocimo"
10.2.12.172;"BRQ\pauloneves"
10.2.12.178;"BRQ\leofranco"
10.2.12.180;"BRQ\kelyporfirio"
10.2.12.187;"BRQ\fjfigueiredo"
10.2.12.188;"BRQ\gabrielmylla"
10.2.12.205;"BRQ\mvalle"
10.2.12.35;"BRQ\paulosergio"
10.2.12.36;"BRQ\marcosmagno"
10.2.12.44;"BRQ\cdantas"
10.2.12.55;"BRQ\michelpereira"
10.2.12.63;"BRQ\mateusleichsen"
10.2.12.77;"mmorgado"
10.2.12.87;"BRQ\jacquelinemercon"
10.2.12.88;"BRQ\eduardomendes"
10.2.12.99;"BRQ\diogocamargo"
10.2.13.0;"BRQ\gustavofontes"
10.2.13.100;"BRQ\vjaraujo"
10.2.13.110;"BRQ\dkruger"
10.2.13.121;"BRQ\arrosario"
10.2.13.134;"BRQ\rosanacavalcante"
10.2.13.135;"BRQ\gustavofontes"
10.2.13.138;"BRQ\claudiakazue"
10.2.13.146;"BRQ\rrigoni"
10.2.13.150;"BRQ\lgdsilva"
10.2.13.15;"dtmaportaria02\portaria"
10.2.13.160;"BRQ\erickrolim"
10.2.13.177;"BRQ\scavalli"
10.2.13.18;"BRQ\josianemoura"
10.2.13.190;"BRQ\antonioavenor"
10.2.13.195;"BRQ\albertopucci"
10.2.13.203;"BRQ\dkruger"
10.2.13.219;"BRQ\fportela"
10.2.13.21;"BRQ\arrosario"
10.2.13.234;"BRQ\drodrigues"
10.2.13.50;"BRQ\cbsouza"
10.2.13.62;"nbma024816\brq"
10.2.13.73;"BRQ\josianemoura"
10.2.13.74;"BRQ\AMBorges"
10.2.13.78;"BRQ\douglascampos"
10.2.13.87;"BRQ\services"
10.2.13.89;"BRQ\williamborba"
10.2.13.94;"BRQ\hmgomes"
10.2.13.95;"BRQ\aerciomendes"
10.2.13.98;"BRQ\marcohonisman"
10.2.14.65;"BRQ\fportela"
10.2.14.66;"BRQ\fgodoy"
10.2.14.75;"BRQ\mauriciosouza"
10.2.14.76;"BRQ\andersonmelo"
10.2.14.77;"BRQ\juarezgoncalves"
10.2.14.78;"BRQ\sfeversani"
10.2.14.83;"BRQ\lspolaore"
10.2.14.84;"BRQ\jusilva"
10.2.17.155;"sqlservice"
10.2.17.190;"sqlservice"
10.2.17.203;"RJSERVER3\vcenterrj"
10.2.17.226;"sqlservice"
10.2.17.227;"sqlservice"
10.2.17.89;"clsouza"
10.2.2.1;"BRQ\ale"
10.22.25.204;"BRQ\mgondim"
10.22.25.207;"BRQ\mgondim"
10.22.25.208;"BRQ\rafaelalmeida"
10.22.25.225;"fmoises_pbsb"
10.22.25.228;"DFSERVER228\darci"
10.22.28.103;"BRQ\vmarinho_pbsb"
10.22.28.115;"BRQ\rhanne"
10.22.28.118;"ececan"
10.22.28.131;"BRQ\jcvasconcelos_pbsb"
10.22.28.143;"BRQ\hmata_pbsb"
10.22.28.146;"BRQ\lfdcosta"
10.22.28.147;"BRQ\marcomelosilva"
10.22.28.181;"BRQ\pmacedo_pbsb"
10.22.28.185;"BRQ\jclemente"
10.22.28.20;"BRQ\dpaula_pbsb"
10.22.28.22;"BRQ\fmoises_pbsb"
10.22.28.24;"BRQ\andrefonseca"
10.22.28.27;"BRQ\dpaula_pbsb"
10.22.28.36;"BRQ\rhanne"
10.22.28.38;"BRQ\rrodrigues_pbsb"
10.22.28.3;"BRQ\cgraciano_pbsb"
10.22.28.40;"BRQ\mosorio_pbsb"
10.22.28.43;"BRQ\mmatos_pbsb"
10.22.28.44;"BRQ\ateles_pbsb"
10.22.28.47;"BRQ\lneto_pbsb"
10.22.28.48;"BRQ\ecristina_pbsb"
10.22.28.50;"BRQ\tneto_pbsb"
10.22.28.51;"BRQ\aviana_pbsb"
10.22.28.52;"BRQ\tmendes_pbsb"
10.22.28.53;"BRQ\msousa_pbsb"
10.22.28.67;"BRQ\cgraciano_pbsb"
10.22.28.76;"BRQ\fmonteiro_pbsb"
10.22.28.80;"BRQ\hsantos_pbsb"
10.22.28.81;"BRQ\dcarvalho_pbsb"
10.22.28.83;"BRQ\gladstonepereira"
10.22.28.85;"BRQ\cgraciano_pbsb"
10.22.28.86;"BRQ\gladstonepereira"
10.22.28.89;"BRQ\csouza_pbsb"
10.22.28.91;"BRQ\cgraciano_pbsb"
10.22.28.93;"BRQ\fgarcia_pbsb"
10.22.29.2;"BRQ\jpaula_pbsb"
10.22.30.132;"BRQ\dpaula_pbsb"
10.22.30.143;"BRQ\thalitapaiva"
10.22.30.202;"BRQ\marcelo_pbsb"
10.22.30.250;"BRQ\cgraciano_pbsb"
10.22.31.180;"BRQ\jcvasconcelos_pbsb"
10.22.31.198;"BRQ\fmoises_pbsb"
10.22.31.199;"BRQ\jclemente"
10.22.31.208;"BRQ\cgraciano_pbsb"
10.2.2.3;"BRQ\edsonlucindo"
10.2.2.4;"leilaobrq"
10.2.2.5;"BRQ\wmjunior"
10.2.2.8;"BRQ\wasantos"
10.2.40.217;"BRQ\aroldojunior"
10.2.42.100;"BRQ\dmsilva"
10.2.42.110;"wei"
10.2.42.119;"BRQ\alvarinodias"
10.2.42.125;"fabio.soares"
10.2.42.135;"brunomoraes"
10.2.42.153;"luiz.benedito"
10.2.42.157;"BRQ\eduardo.escobar"
10.2.42.187;"fabiosouza"
10.2.42.190;"BRQ\andersonlima"
10.2.42.195;"BRQ\adrianoranea"
10.2.42.221;"BRQ\jackelinevalentin"
10.2.42.224;"BRQ\robsoncesa"
10.2.42.228;"jsilikas"
10.2.42.241;"BRQ\bmoraes"
10.2.42.253;"BRQ\bbuenocamargo"
10.2.42.31;"BRQ\adrianoviegas"
10.2.42.32;"BRQ\mgferreira"
10.2.42.3;"BRQ\gvianni"
10.2.42.42;"marcelomartins"
10.2.42.45;"BRQ\klebersantos"
10.2.42.46;"BRQ\mfroelich"
10.2.42.49;"amartinssantos"
10.2.42.55;"jose.campos"
10.2.42.64;"BRQ\amsouza"
10.2.42.87;"BRQ\tpimentel"
10.2.42.88;"lpmonteiro"
10.2.43.101;"BRQ\fernandonascimento"
10.2.43.115;"BRQ\luisharduim"
10.2.43.119;"BRQ\vinicius.tadeu"
10.2.43.159;"hbarba"
10.2.43.170;"lmatumoto"
10.2.43.179;"BRQ\mtacaci"
10.2.43.17;"wilson.cavaleiros"
10.2.43.185;"BRQ\gallo"
10.2.43.193;"BRQ\gmichelini"
10.2.43.218;"jansonei"
10.2.43.228;"vmunarin"
10.2.43.230;"BRQ\dgenovez"
10.2.43.235;"jose.tosi"
10.2.43.239;"jgonzaga"
10.2.43.240;"rbezerra"
10.2.43.245;"jeffersonribeiro"
10.2.43.47;"BRQ\douglasralencar"
10.2.43.82;"BRQ\dmsilva"
10.2.43.99;"BRQ\dassis"
10.2.44.114;"mbiazucci"
10.2.44.158;"BRQ\fabio.soares"
10.2.44.160;"fabioalmeida"
10.2.44.170;"BRQ\carlosvaccari"
10.2.44.193;"BRQ\thonda"
10.2.44.195;"sergio.doblinski"
10.2.44.196;"pvela"
10.2.44.210;"BRQ\dassis"
10.2.44.224;"BRQ\vinicius.tadeu"
10.2.44.234;"BRQ\gallo"
10.2.44.250;"BRQ\cvieira"
10.2.44.253;"marina.kasue"
10.2.44.254;"edman.zamai"
10.2.44.54;"BRQ\sfugikava"
10.2.44.63;"elaine.cristine"
10.2.44.93;"nferreira"
10.2.45.139;"BRQ\rortolani"
10.2.45.13;"BRQ\vanessa.bonetti"
10.2.45.183;"BRQ\elisangela.escribano"
10.2.45.198;"fernando.fumio"
10.2.45.201;"BRQ\fernanda.oliveira"
10.2.45.20;"hfilier"
10.2.45.237;"BRQ\mariobruno"
10.2.45.244;"BRQ\cssouza"
10.2.45.27;"gmacorin"
10.2.45.36;"BRQ\robson.vellasques"
10.2.45.50;"BRQ\alvarinodias"
10.2.45.69;"easilva"
10.2.45.6;"BRQ\vanessa.bonetti"
10.2.45.74;"phcosta"
10.2.45.7;"BRQ\joaopugsley"
10.2.45.86;"BRQ\rogeriosoares"
10.2.52.10;"BRQ\rafaelalmeida"
10.2.52.13;"BRQ\mmattozeiro"
10.2.52.15;"BRQ\amcunha"
10.2.52.18;"BRQ\lucianoseabra"
10.2.52.21;"SRV1437\infra"
10.2.52.24;"BRQ\rubemluna"
10.2.52.27;"ernestogalaso"
10.2.52.28;"BRQ\jaaneto"
10.2.52.29;"BRQ\pedronjunior"
10.2.52.30;"BRQ\wallacecarvalho"
10.2.52.31;"jquintella"
10.2.52.34;"BRQ\wallacecarvalho"
10.2.52.35;"BRQ\wallacecarvalho"
10.2.52.36;"BRQ\wallacecarvalho"
10.2.52.37;"BRQ\wallacecarvalho"
10.2.52.38;"BRQ\wallacecarvalho"
10.2.52.40;"BRQ\wallacecarvalho"
10.2.52.42;"BRQ\wallacecarvalho"
10.2.52.44;"BRQ\wallacecarvalho"
10.2.52.45;"BRQ\ericklima"
10.2.52.4;"BRQ\griedel"
10.2.52.9;"BRQ\ericklima"
10.2.64.203;"RJSERVER3\vcenterrj"
10.2.64.222;"VCENTERSP\hmlocal"
10.2.66.113;"BRQ\rmarcondes"
10.2.66.122;"BRQ\rluz"
10.2.66.142;"BRQ\fabiofraga"
10.2.66.148;"BRQ\igabriel"
10.2.66.154;"BRQ\lfcabral"
10.2.66.15;"pmlima"
10.2.66.167;"BRQ\fsanches"
10.2.66.16;"BRQ\waoliveira"
10.2.66.180;"BRQ\alancardoso"
10.2.66.189;"roviganico"
10.2.66.191;"BRQ\girotto"
10.2.66.198;"BRQ\rflaperuta"
10.2.66.200;"BRQ\marciowendel"
10.2.66.204;"wyukimide"
10.2.66.208;"BRQ\hugomartinez"
10.2.66.211;"BRQ\fjusto"
10.2.66.215;"mvaraujo"
10.2.66.217;"BRQ\kborges"
10.2.66.21;"msroberto"
10.2.66.229;"BRQ\azampieri"
10.2.66.235;"BRQ\brunoheidorn"
10.2.66.236;"BRQ\wleite"
10.2.66.238;"BRQ\gcsouza"
10.2.66.242;"BRQ\luanaazevedo"
10.2.66.246;"rconceicao"
10.2.66.248;"BRQ\fgomes"
10.2.66.24;"BRQ\julianalara"
10.2.66.255;"psmartins"
10.2.66.26;"BRQ\fecosta"
10.2.66.31;"BRQ\lgrecco"
10.2.66.34;"BRQ\pdomingues"
10.2.66.38;"BRQ\ronaldojrsilva"
10.2.66.60;"cgolabek"
10.2.66.61;"BRQ\arsilveira"
10.2.66.67;"williansilva"
10.2.66.68;"BRQ\haroldoriccetto"
10.2.66.77;"BRQ\azanardi"
10.2.66.82;"ehashimoto"
10.2.66.89;"BRQ\lpessini"
10.2.66.8;"aiborra"
10.2.66.93;"BRQ\anapaulanascimento"
10.2.66.94;"pedroderossi"
10.2.67.104;"wssantos"
10.2.67.106;"BRQ\cleberrsantos"
10.2.67.109;"BRQ\nishi"
10.2.67.117;"ftarabay"
10.2.67.124;"BRQ\orion"
10.2.67.129;"BRQ\mcraveiro"
10.2.67.130;"umenezes"
10.2.67.131;"BRQ\thatianecalegari"
10.2.67.132;"BRQ\gperillo"
10.2.67.136;"m.silva"
10.2.67.140;"BRQ\tsoliveira"
10.2.67.143;"BRQ\vvigati"
10.2.67.151;"apssilva"
10.2.67.154;"BRQ\marcelom"
10.2.67.155;"rleone"
10.2.67.158;"lramosouza"
10.2.67.161;"lemoraes"
10.2.67.16;"aosantos"
10.2.67.172;"BRQ\scordova"
10.2.67.175;"BRQ\fabianoprazeres"
10.2.67.185;"BRQ\alanpenha"
10.2.67.188;"BRQ\haroldoassis"
10.2.67.198;"BRQ\douglasmartinez"
10.2.67.202;"rvettorazzo"
10.2.67.210;"BRQ\mcobo"
10.2.67.213;"marciafeitosa"
10.2.67.214;"rosericcetto"
10.2.67.220;"BRQ\paulo.real"
10.2.67.221;"BRQ\c.monteiro"
10.2.67.223;"BRQ\ingridlopesrufino"
10.2.67.228;"BRQ\latanza"
10.2.67.231;"BRQ\josebamorim"
10.2.67.23;"BRQ\ssbarboza"
10.2.67.240;"BRQ\acfilho"
10.2.67.249;"BRQ\dnunes"
10.2.67.252;"felipevale"
10.2.67.254;"BRQ\emoisinho"
10.2.67.29;"BRQ\azanardi"
10.2.67.2;"BRQ\bpalaria"
10.2.67.32;"lmarconi"
10.2.67.34;"BRQ\avaleriano"
10.2.67.35;"BRQ\emarquessantos"
10.2.67.39;"BRQ\celinasilva"
10.2.67.44;"douglassouza"
10.2.67.50;"BRQ\misaelrt"
10.2.67.57;"BRQ\diogogiordani"
10.2.67.5;"BRQ\ebakanovas"
10.2.67.65;"BRQ\ccyrino"
10.2.67.73;"mariangelasilva"
10.2.67.75;"argarcia"
10.2.67.76;"telmapedroso"
10.2.67.77;"BRQ\nairacatherine"
10.2.67.86;"pgomes"
10.2.67.94;"czilioli"
10.2.67.96;"BRQ\priscillagermano"
10.2.67.97;"auchoa"
10.2.67.99;"jcbgomes"
10.2.68.10;"BRQ\lcobo"
10.2.68.110;"BRQ\jsantossilva"
10.2.68.116;"BRQ\anaguedes"
10.2.68.118;"BRQ\paulobrito"
10.2.68.11;"gabrielxavier"
10.2.68.122;"BRQ\veronicabarreto"
10.2.68.128;"BRQ\gbleite"
10.2.68.13;"BRQ\dmacedo"
10.2.68.141;"BRQ\juliofigueiredo"
10.2.68.142;"BRQ\frsilva"
10.2.68.149;"lorti"
10.2.68.14;"chsilva"
10.2.68.153;"BRQ\lkoti"
10.2.68.158;"BRQ\mmlima"
10.2.68.165;"BRQ\tsteiner"
10.2.68.166;"BRQ\dgalhardoni"
10.2.68.169;"BRQ\jcapelli"
10.2.68.173;"BRQ\monicab"
10.2.68.174;"BRQ\colivan"
10.2.68.175;"BRQ\alanpenha"
10.2.68.177;"sergiootsuka"
10.2.68.178;"BRQ\elainedupim"
10.2.68.179;"BRQ\armoraes"
10.2.68.182;"rakui"
10.2.68.184;"BRQ\ldevico"
10.2.68.186;"BRQ\mauriciosb"
10.2.68.187;"BRQ\flandim"
10.2.68.18;"victoraugustomelo"
10.2.68.190;"BRQ\lucasmiranda"
10.2.68.196;"BRQ\rtavares"
10.2.68.203;"BRQ\afmendes"
10.2.68.206;"BRQ\niltonatanasio"
10.2.68.208;"BRQ\rmsoares"
10.2.68.210;"BRQ\jonathanreis"
10.2.68.21;"BRQ\llmarques"
10.2.68.226;"rodrigotlacerda"
10.2.68.229;"BRQ\vanessaalves"
10.2.68.231;"rpgomes"
10.2.68.233;"BRQ\rodrigobarros"
10.2.68.237;"BRQ\lucascaran"
10.2.68.240;"BRQ\dgrangeiro"
10.2.68.242;"BRQ\williamrodrigues"
10.2.68.249;"guilhermebelas"
10.2.68.28;"BRQ\lmagalhaes"
10.2.68.2;"BRQ\monicav"
10.2.68.38;"BRQ\ewcosta"
10.2.68.3;"tcampos"
10.2.68.46;"rstanzione"
10.2.68.62;"fportela"
10.2.68.63;"vbezerra"
10.2.68.67;"BRQ\amandarocha"
10.2.68.76;"BRQ\splima"
10.2.68.77;"BRQ\gssouza"
10.2.68.82;"BRQ\nonaka"
10.2.68.85;"BRQ\csalmeida"
10.2.68.8;"BRQ\rvsantos"
10.2.68.90;"BRQ\gilmarc"
10.2.68.92;"BRQ\adelgado"
10.2.68.9;"BRQ\arubello"
10.2.69.10;"BRQ\lpessini"
10.2.69.116;"BRQ\rsoledade"
10.2.69.11;"jessicajanardi"
10.2.69.123;"BRQ\priscilaluiz"
10.2.69.128;"BRQ\e.alves"
10.2.69.130;"azarantoniello"
10.2.69.133;"BRQ\jprodrigues"
10.2.69.134;"BRQ\apereirasilva"
10.2.69.139;"ryanase"
10.2.69.13;"nb020148\brq"
10.2.69.150;"BRQ\marcelom"
10.2.69.151;"BRQ\lantonio"
10.2.69.157;"BRQ\andrade"
10.2.69.164;"BRQ\lucasoliverx"
10.2.69.165;"BRQ\johnnysk"
10.2.69.168;"marcia.fonseca"
10.2.69.169;"BRQ\gledsoncarvalho"
10.2.69.177;"reabe"
10.2.69.179;"rbernardes"
10.2.69.17;"ricardottoyo"
10.2.69.180;"BRQ\liliane.delvecchio"
10.2.69.182;"BRQ\lucasmiranda"
10.2.69.193;"mcferreira"
10.2.69.198;"eduardosanchez"
10.2.69.207;"BRQ\tscalais"
10.2.69.212;"BRQ\mlsouza"
10.2.69.215;"BRQ\ppeixoto"
10.2.69.220;"ccsantos"
10.2.69.221;"rvecchio"
10.2.69.229;"BRQ\danielmonteiro"
10.2.69.232;"BRQ\jhono"
10.2.69.235;"BRQ\andreiwazaki"
10.2.69.246;"BRQ\alexandremedeiros"
10.2.69.247;"BRQ\jnatalicio"
10.2.69.24;"BRQ\dlodi"
10.2.69.250;"BRQ\lcampana"
10.2.69.251;"BRQ\hdoliveira"
10.2.69.254;"BRQ\rcfogaca"
10.2.69.28;"eandrade"
10.2.69.2;"BRQ\elainedupim"
10.2.69.30;"BRQ\danilovale"
10.2.69.31;"BRQ\fesilva"
10.2.69.36;"BRQ\lucianemelo"
10.2.69.3;"BRQ\rdonaire"
10.2.69.42;"BRQ\nmonteiro"
10.2.69.48;"BRQ\bkenji"
10.2.69.55;"altheodoro"
10.2.69.57;"kmoura"
10.2.69.79;"BRQ\aconsolaro"
10.2.69.7;"BRQ\jabreu"
10.2.69.80;"BRQ\wlopes"
10.2.69.81;"drmartins"
10.2.69.83;"BRQ\rsekine"
10.2.69.89;"marcelaraujo"
10.2.69.92;"marianasantos"
10.2.69.94;"BRQ\davelar"
10.2.69.95;"BRQ\tcnunes"
10.2.69.97;"BRQ\rosilva"
10.2.69.98;"rpaulino"
10.2.70.104;"BRQ\emmanuel"
10.2.70.106;"BRQ\brunovsilva"
10.2.70.107;"BRQ\caugusto"
10.2.70.111;"BRQ\JulianaGieseke"
10.2.70.116;"gilmarferreira"
10.2.70.118;"BRQ\luansoares"
10.2.70.130;"marcoskazu"
10.2.70.135;"casantos"
10.2.70.13;"BRQ\ensilva"
10.2.70.141;"BRQ\ljorge"
10.2.70.149;"BRQ\fernandacardoso"
10.2.70.150;"BRQ\dcararo"
10.2.70.157;"ricardobonfim"
10.2.70.163;"BRQ\elsousa"
10.2.70.164;"BRQ\cesarzapata"
10.2.70.165;"BRQ\caiorapha"
10.2.70.167;"BRQ\ljorge"
10.2.70.179;"rcbernardes"
10.2.70.181;"BRQ\mabrinstein"
10.2.70.183;"BRQ\rcatarina"
10.2.70.186;"BRQ\brunocasali"
10.2.70.189;"BRQ\caterinakeller"
10.2.70.194;"alexgiovanni"
10.2.70.197;"sergiopires"
10.2.70.203;"eduardoantunes"
10.2.70.204;"paulo.andre"
10.2.70.207;"BRQ\mgiordani"
10.2.70.20;"BRQ\andrefpinheiro"
10.2.70.219;"BRQ\jyoliveira"
10.2.70.222;"BRQ\ftakao"
10.2.70.223;"BRQ\rafaelalmeida"
10.2.70.230;"BRQ\mariangelasilva"
10.2.70.238;"ruehara"
10.2.70.23;"angelafbrito"
10.2.70.240;"BRQ\vramos"
10.2.70.241;"BRQ\caugusto"
10.2.70.245;"BRQ\jhsoares"
10.2.70.247;"BRQ\rafaeldotti"
10.2.70.251;"BRQ\fabioalves"
10.2.70.34;"BRQ\rovieira"
10.2.70.35;"BRQ\ssborges"
10.2.70.36;"BRQ\giseleleite"
10.2.70.38;"BRQ\jgnascimento"
10.2.70.3;"fschivel"
10.2.70.41;"ealpendre"
10.2.70.44;"BRQ\tnlima"
10.2.70.48;"BRQ\gdarlan"
10.2.70.56;"kaiquemoniz"
10.2.70.59;"BRQ\hairaalves"
10.2.70.5;"BRQ\mpaganini"
10.2.70.62;"BRQ\scortez"
10.2.70.65;"alexandre.moura"
10.2.70.73;"BRQ\mpjunior"
10.2.70.76;"BRQ\iasilva"
10.2.70.82;"BRQ\e.silva"
10.2.70.83;"BRQ\vmedici"
10.2.70.85;"BRQ\rldasilva"
10.2.70.8;"BRQ\fabianosilva"
10.2.70.94;"BRQ\frizzi"
10.2.70.9;"BRQ\ddpereira"
10.2.71.112;"BRQ\ibritto"
10.2.71.116;"minouye"
10.2.71.136;"BRQ\pmassarente"
10.2.71.143;"BRQ\ivanlima"
10.2.71.14;"BRQ\camillaaraujo"
10.2.71.150;"BRQ\fecosta"
10.2.71.151;"BRQ\nmonteiro"
10.2.71.154;"BRQ\joliveira"
10.2.71.167;"BRQ\cguarnelli"
10.2.71.16;"cmatsumura"
10.2.71.171;"BRQ\llozano"
10.2.71.185;"BRQ\thfranco"
10.2.71.39;"egushiken"
10.2.71.42;"BRQ\vramos"
10.2.71.43;"BRQ\dvnascimento"
10.2.71.45;"BRQ\rooseveltsjunior"
10.2.71.4;"mzampereti"
10.2.71.52;"BRQ\mslima"
10.2.71.56;"BRQ\nishi"
10.2.71.57;"BRQ\rafaelsakai"
10.2.71.62;"BRQ\douglasralencar"
10.2.71.67;"BRQ\lucasmiranda"
10.2.71.76;"marcelrosa"
10.2.71.7;"BRQ\ffilsali"
10.2.71.80;"BRQ\emferreira"
10.2.71.91;"BRQ\rsilvaferreira"
10.2.71.97;"BRQ\cnovais"
10.2.73.222;"TEMPLATE-WIN-2K\Administrator"
10.2.73.223;"TEMPLATE-WIN-2K\Administrator"
10.2.74.10;"BRQ\marciarodrigues"
10.2.74.144;"BRQ\valexandra"
10.2.74.174;"BRQ\vivianereis"
10.2.74.193;"BRQ\rlferrao"
10.2.74.201;"BRQ\edilsondiasalves"
10.2.74.219;"facilities"
10.2.74.228;"BRQ\emersonlima"
10.2.74.31;"jgiroleti"
10.2.74.45;"BRQ\rgrosz"
10.2.74.51;"BRQ\andremiyamoto"
10.2.74.52;"BRQ\spontes"
10.2.74.54;"BRQ\afioretti"
10.2.74.87;"BRQ\luno_ppp"
10.2.74.88;"BRQ\caiogregorio"
10.2.74.93;"BRQ\sergpina"
10.2.75.101;"BRQ\evandromillian"
10.2.75.104;"BRQ\josantos"
10.2.75.112;"BRQ\juliokramer"
10.2.75.128;"BRQ\rncosta"
10.2.75.133;"BRQ\adrieneabe"
10.2.75.137;"BRQ\josantos"
10.2.75.163;"BRQ\rgrosz"
10.2.75.164;"BRQ\markusbranco"
10.2.75.168;"BRQ\marconefreitas"
10.2.75.171;"BRQ\gabrieloliveira"
10.2.75.175;"BRQ\rmaedo"
10.2.75.177;"BRQ\rodrigohora"
10.2.75.18;"BRQ\rcotrin"
10.2.75.232;"BRQ\paulorsilva"
10.2.75.81;"BRQ\adrieneabe"
10.2.75.92;"BRQ\danielpereira"
10.2.75.9;"BRQ\etanaka"
10.2.76.115;"BRQ\graziellyalmeida"
10.2.76.14;"BRQ\joaquimnunes"
10.2.76.159;"BRQ\ricardolerma"
10.2.76.39;"BRQ\fscosta"
10.2.76.47;"BRQ\lucaslacerda"
10.2.76.58;"BRQ\juliokramer"
10.2.76.77;"BRQ\rceli"
10.2.76.7;"BRQ\ademirgarcia"
10.2.76.94;"BRQ\leandrocostasilva"
10.2.76.97;"BRQ\adilsonjr"
10.2.77.224;"BRQ\fernandadossantos"
10.2.77.240;"BRQ\jlmendes"
10.2.77.255;"BRQ\ajfjunior"
10.2.77.31;"BRQ\leonardotanikawa"
10.2.78.94;"BRQ\cvoginski"
10.2.80.201;"TEMP-W2008-64\Administrator"
10.2.8.111;"VMSANEPAR01\Administrador"
10.2.8.118;"vmgvt01\brq"
10.2.8.15;"BRQ\dkarolak"
10.2.8.199;"ADPROD199MAL\Administrator"
10.2.8.205;"pyasui"
10.2.8.208;"fabriotamai"
10.2.8.20;"HOSTMONITORCWB\HOSTMONITOR"
10.2.8.211;"bbarreto"
10.2.8.68;"BRQ\pyasui"
10.2.88.136;"BRQ\icavalcante"
10.2.88.139;"BRQ\ramoncandido"
10.2.88.181;"BRQ\lplacerda"
10.2.8.82;"BRQ\leandrocaron"
10.2.88.36;"BRQ\lplacerda"
10.2.8.90;"QUIOSQUECWB01\QUIOSQUE"
10.2.89.156;"BRQ\ericojorge"
10.2.89.157;"BRQ\alexandrealencar"
10.2.89.158;"BRQ\RAULLIMA"
10.2.89.159;"BRQ\dayannecastro"
10.2.89.204;"BRQ\glaubersilva"
10.2.89.208;"BRQ\glaubersilva"
10.2.89.211;"RECSERVER11\outsystem"
10.2.89.31;"DT024857\Descontração"
10.2.89.39;"BRQ\ericsamarcos"
10.2.9.104;"BRQ\services"
10.2.9.109;"BRQ\pauloneves"
10.2.9.111;"BRQ\rrigoni"
10.2.9.124;"BRQ\wpcorrea"
10.2.9.129;"SERVICES"
10.2.9.134;"BRQ\vgusso"
10.2.9.140;"BRQ\hmgomes"
10.2.9.145;"BRQ\gnicoleli"
10.2.9.148;"BRQ\andreiasantos"
10.2.9.168;"BRQ\rafaeloliveira"
10.2.9.172;"BRQ\rodrigococci"
10.2.9.178;"BRQ\mmorgado"
10.2.9.184;"BRQ\sscalegari"
10.2.9.19;"BRQ\lsolano"
10.2.9.217;"BRQ\ipereira"
10.2.9.233;"BRQ\cosantos"
10.2.9.238;"BRQ\services"
10.2.9.29;"BRQ\omacioszki"
10.2.9.31;"BRQ\costen"
10.2.9.34;"BRQ\arrosario"
10.2.9.35;"BRQ\sesilva"
10.2.9.40;"BRQ\gnicoleli"
10.2.9.42;"BRQ\andrehenrique"
10.2.9.44;"BRQ\edipooliveira"
10.2.9.54;"BRQ\muriloschilipack"
10.2.9.57;"BRQ\miltonjose"
10.2.9.63;"BRQ\davidtozo"
10.2.9.68;"BRQ\kpetrelli"
10.2.9.76;"BRQ\luizheming"
10.2.97.99;"BRQ\aroldojunior"
10.2.9.79;"BRQ\gabrielmylla"
10.2.9.86;"BRQ\smoraes"
10.2.9.87;"BRQ\julianoribeiro"
10.2.9.92;"BRQ\hmgomes"
10.2.9.93;"BRQ\mauriciorosa"
10.2.9.99;"BRQ\kenjialberto"
